315	0	VKS	Tài kho?n trung gian	NULL	4	USD	O	D	0	0	1	0	0	0	1	1	1	0	1	1	1	NULL	NULL	NULL	NULL	NULL	NULL	NULL	NULL	0	0	0	0	ADMIN	11-08-10 15:33	ADMIN	07-01-11 14:51
1	1000	VKS	Tài s?n cho thuê ngoài		1	USD	O	D	0	0	0	1	1	1	1	1	1	1	1	1	1	NULL	NULL	NULL	NULL	NULL	NULL	NULL	NULL	0	0	0	0	ADMIN	22-06-10 14:37	NULL	NULL
2	2000	VKS	"V?t t?, hàng hóa nh?n gi? h?, nh?n gia công"		1	USD	O	D	0	0	0	1	1	1	1	1	1	1	1	1	1	NULL	NULL	NULL	NULL	NULL	NULL	NULL	NULL	0	0	0	0	ADMIN	22-06-10 14:37	NULL	NULL
3	3000	VKS	"Hàng hóa bán h?, nh?n ký g?i"		1	USD	O	D	0	0	0	1	1	1	1	1	1	1	1	1	1	NULL	NULL	NULL	NULL	NULL	NULL	NULL	NULL	0	0	0	0	ADMIN	22-06-10 14:37	NULL	NULL
4	4000	VKS	N? khó ?òi ?ã x? lý		1	USD	O	D	0	0	0	1	1	1	1	1	1	1	1	1	1	NULL	NULL	NULL	NULL	NULL	NULL	NULL	NULL	0	0	0	0	ADMIN	22-06-10 14:37	NULL	NULL
5	7000	VKS	Ngo?i t? các lo?i		1	USD	O	D	0	0	0	1	1	1	1	1	1	1	1	1	1	NULL	NULL	NULL	NULL	NULL	NULL	NULL	NULL	0	0	0	0	ADMIN	22-06-10 14:37	NULL	NULL
6	9000	VKS	Ngu?n v?n kh?u hao c? b?n		1	USD	O	D	0	0	0	1	1	1	1	1	1	1	1	1	1	NULL	NULL	NULL	NULL	NULL	NULL	NULL	NULL	0	0	0	0	ADMIN	22-06-10 14:37	NULL	NULL
7	111000	VKS	Ti?n m?t	Cash	1	USD	A	D	0	0	0	1	1	1	1	1	1	1	1	1	1	NULL	NULL	NULL	NULL	NULL	NULL	NULL	NULL	0	0	0	0	ADMIN	22-06-10 14:37	ADMIN	29-10-10 17:59
8	111100	VKS	Ti?n m?t Vi?t Nam	NULL	2	USD	A	D	0	0	0	1	1	0	1	1	1	1	1	1	1	NULL	NULL	NULL	NULL	NULL	NULL	NULL	NULL	0	0	0	0	ADMIN	22-06-10 14:37	ADMIN	14-09-10 15:32
9	111110	VKS	Ti?n m?t Vi?t Nam t?i qu? HCM	NULL	3	USD	A	D	0	0	1	1	1	0	1	1	1	1	1	1	1	NULL	NULL	NULL	NULL	NULL	NULL	NULL	NULL	0	0	0	0	ADMIN	22-06-10 14:37	ADMIN	14-09-10 15:38
10	111120	VKS	Ti?n m?t Vi?t Nam t?i qu? Phú M?		3	USD	A	D	0	0	1	1	1	0	1	1	1	1	1	1	1	NULL	NULL	NULL	NULL	NULL	NULL	NULL	NULL	0	0	0	0	ADMIN	22-06-10 14:37	NULL	NULL
11	111130	VKS	Ti?n m?t Vi?t Nam t?i qu? C?n Th?		3	USD	A	D	0	0	1	1	1	0	1	1	1	1	1	1	1	NULL	NULL	NULL	NULL	NULL	NULL	NULL	NULL	0	0	0	0	ADMIN	22-06-10 14:37	NULL	NULL
12	111200	VKS	Ti?n m?t ngo?i t?	NULL	2	USD	A	D	0	0	0	1	1	0	1	1	1	1	1	1	1	NULL	NULL	NULL	NULL	NULL	NULL	NULL	NULL	0	0	0	0	ADMIN	22-06-10 14:37	ADMIN	17-08-10 10:08
13	111210	VKS	Ti?n m?t ngo?i t? t?i qu? HCM		3	USD	A	D	0	0	1	1	1	0	1	1	1	1	1	1	1	NULL	NULL	NULL	NULL	NULL	NULL	NULL	NULL	0	0	0	0	ADMIN	22-06-10 14:37	NULL	NULL
14	111220	VKS	Ti?n m?t ngo?i t? t?i qu? Phú M?		3	USD	A	D	0	0	1	1	1	0	1	1	1	1	1	1	1	NULL	NULL	NULL	NULL	NULL	NULL	NULL	NULL	0	0	0	0	ADMIN	22-06-10 14:37	NULL	NULL
15	111230	VKS	Ti?n m?t ngo?i t? t?i qu? C?n Th?		3	USD	A	D	0	0	1	1	1	0	1	1	1	1	1	1	1	NULL	NULL	NULL	NULL	NULL	NULL	NULL	NULL	0	0	0	0	ADMIN	22-06-10 14:37	NULL	NULL
16	111300	VKS	"Vàng b?c, kim khí quý, ?á quý"		2	USD	A	D	0	0	1	1	1	0	1	1	1	1	1	1	1	NULL	NULL	NULL	NULL	NULL	NULL	NULL	NULL	0	0	0	0	ADMIN	22-06-10 14:37	NULL	NULL
17	112000	VKS	Ti?n g?i ngân hàng		1	USD	A	D	0	0	0	1	1	1	1	1	1	1	1	1	1	NULL	NULL	NULL	NULL	NULL	NULL	NULL	NULL	0	0	0	0	ADMIN	22-06-10 14:37	NULL	NULL
18	112100	VKS	Ti?n g?i ngân hàng VND	NULL	2	USD	A	D	0	0	1	1	1	0	1	1	1	1	1	1	1	NULL	NULL	NULL	NULL	NULL	NULL	NULL	NULL	0	0	0	0	ADMIN	22-06-10 14:37	ADMIN	16-09-10 16:48
19	112200	VKS	Ti?n g?i ngân hàng USD	NULL	2	USD	A	D	0	0	1	1	1	0	1	1	1	1	1	1	1	NULL	NULL	NULL	NULL	NULL	NULL	NULL	NULL	0	0	0	0	ADMIN	22-06-10 14:37	ADMIN	14-09-10 15:33
20	112300	VKS	Ti?n g?i  ngân hàng JPY	NULL	2	USD	A	D	0	0	1	1	1	0	1	1	1	1	1	1	1	NULL	NULL	NULL	NULL	NULL	NULL	NULL	NULL	0	0	0	0	ADMIN	22-06-10 14:37	ADMIN	26-08-10 15:14
359	112400	VKS	Vàng b?c kim khí ?á quý	NULL	2	USD	A	D	0	0	1	0	0	0	1	1	1	0	1	1	1	NULL	NULL	NULL	NULL	NULL	NULL	NULL	NULL	0	0	0	0	ADMIN	26-08-10 15:13	ADMIN	26-08-10 15:13
360	112800	VKS	Ngo?i t? khác g?i ngân hàng	NULL	2	USD	A	D	0	0	1	0	0	0	1	1	1	0	1	1	1	NULL	NULL	NULL	NULL	NULL	NULL	NULL	NULL	0	0	0	0	ADMIN	26-08-10 15:16	ADMIN	26-08-10 15:16
21	113000	VKS	Ti?n ?ang chuy?n		1	USD	A	D	0	0	0	1	1	1	1	1	1	1	1	1	1	NULL	NULL	NULL	NULL	NULL	NULL	NULL	NULL	0	0	0	0	ADMIN	22-06-10 14:37	NULL	NULL
22	113100	VKS	Ti?n ?ang chuy?n Vi?t Nam ??ng		2	USD	A	D	0	0	1	1	1	0	1	1	1	1	1	1	1	NULL	NULL	NULL	NULL	NULL	NULL	NULL	NULL	0	0	0	0	ADMIN	22-06-10 14:37	NULL	NULL
23	113200	VKS	Ti?ng ?ang chuy?n ngo?i t?		2	USD	A	D	0	0	1	1	1	0	1	1	1	1	1	1	1	NULL	NULL	NULL	NULL	NULL	NULL	NULL	NULL	0	0	0	0	ADMIN	22-06-10 14:37	NULL	NULL
24	131000	VKS	Ph?i thu c?a khách hàng		1	USD	A	D	0	0	0	1	1	1	1	1	1	1	1	1	1	NULL	NULL	NULL	NULL	NULL	NULL	NULL	NULL	0	0	0	0	ADMIN	22-06-10 14:37	NULL	NULL
25	131100	VKS	Ph?i thu c?a khách hàng mua hàng chính ph?m	NULL	2	USD	A	B	0	0	0	1	1	0	1	1	1	1	1	1	1	NULL	NULL	NULL	NULL	NULL	NULL	NULL	NULL	0	0	0	0	ADMIN	22-06-10 14:37	ADMIN	05-10-10 10:30
316	131110	VKS	Ph?i thu c?a khách hàng mua hàng chính ph?m	NULL	3	USD	A	B	1	0	1	1	1	0	1	1	1	0	1	1	1	NULL	NULL	NULL	NULL	NULL	NULL	NULL	NULL	0	0	0	0	ADMIN	17-08-10 13:53	ADMIN	17-08-10 13:53
26	131200	VKS	"Ph?i thu c?a khách hàng mua hàng th? ph?m, ph? li?u"	NULL	2	USD	A	D	0	0	0	1	1	0	1	1	1	1	1	1	1	NULL	NULL	NULL	NULL	NULL	NULL	NULL	NULL	0	0	0	0	ADMIN	22-06-10 14:37	ADMIN	17-08-10 13:54
317	131210	VKS	"Ph?i thu c?a khách hàng mua hàng th? ph?m, ph? li?u"	NULL	3	USD	A	B	1	0	1	1	1	0	1	1	1	0	1	1	1	NULL	NULL	NULL	NULL	NULL	NULL	NULL	NULL	0	0	0	0	ADMIN	17-08-10 13:54	ADMIN	17-08-10 13:54
27	133000	VKS	Thu? giá tr? gia t?ng ???c kh?u tr?		1	USD	A	D	0	0	0	1	1	1	1	1	1	1	1	1	1	NULL	NULL	NULL	NULL	NULL	NULL	NULL	NULL	0	0	0	0	ADMIN	22-06-10 14:37	NULL	NULL
28	133100	VKS	"Thu? GTGT ???c kh?u tr? c?a hàng hóa, d?ch v?"	NULL	2	USD	A	D	0	0	1	1	1	0	1	1	1	1	1	1	1	NULL	NULL	NULL	NULL	NULL	NULL	NULL	NULL	0	0	0	0	ADMIN	22-06-10 14:37	ADMIN	11-11-10 21:29
29	133200	VKS	Thu? GTGT ???c kh?u tr? c?a TSC?	NULL	2	USD	A	D	0	0	1	1	1	0	1	1	1	1	1	1	1	NULL	NULL	NULL	NULL	NULL	NULL	NULL	NULL	0	0	0	0	ADMIN	22-06-10 14:37	ADMIN	11-11-10 21:29
30	133300	VKS	Thu? GTGT hàng hoá nh?p kh?u	NULL	2	USD	A	D	0	0	1	1	1	0	1	1	1	1	1	1	1	NULL	NULL	NULL	NULL	NULL	NULL	NULL	NULL	0	0	0	0	ADMIN	22-06-10 14:37	ADMIN	11-11-10 21:29
31	136000	VKS	Ph?i thu n?i b?		1	USD	A	D	0	0	0	1	1	1	1	1	1	1	1	1	1	NULL	NULL	NULL	NULL	NULL	NULL	NULL	NULL	0	0	0	0	ADMIN	22-06-10 14:37	NULL	NULL
32	136100	VKS	V?n kinh doanh ? các ??n v? tr?c thu?c		2	USD	A	D	0	0	1	1	1	0	1	1	1	1	1	1	1	NULL	NULL	NULL	NULL	NULL	NULL	NULL	NULL	0	0	0	0	ADMIN	22-06-10 14:37	NULL	NULL
374	136200	VKS	Ph?i thu n?i b? do chuy?n v?n	Internal transfer	2	USD	A	D	0	0	1	0	0	0	1	1	1	0	1	1	1	NULL	NULL	NULL	NULL	NULL	NULL	NULL	NULL	0	0	0	0	huetran	08-11-10 15:59	huetran	08-11-10 15:59
33	136800	VKS	Ph?i thu n?i b? khác		2	USD	A	D	0	0	1	1	1	0	1	1	1	1	1	1	1	NULL	NULL	NULL	NULL	NULL	NULL	NULL	NULL	0	0	0	0	ADMIN	22-06-10 14:37	NULL	NULL
34	138000	VKS	Ph?i thu khác		1	USD	A	D	0	0	0	1	1	1	1	1	1	1	1	1	1	NULL	NULL	NULL	NULL	NULL	NULL	NULL	NULL	0	0	0	0	ADMIN	22-06-10 14:37	NULL	NULL
35	138100	VKS	Tài s?n thi?u ch? x? lý	NULL	2	USD	A	B	0	0	1	1	1	0	1	1	1	1	1	1	1	NULL	NULL	NULL	NULL	NULL	NULL	NULL	NULL	0	0	0	0	ADMIN	22-06-10 14:37	ADMIN	30-08-10 9:23
36	138500	VKS	Ph?i thu v? c? ph?n hóa	NULL	2	USD	A	B	0	0	1	1	1	0	1	1	1	1	1	1	1	NULL	NULL	NULL	NULL	NULL	NULL	NULL	NULL	0	0	0	0	ADMIN	22-06-10 14:37	ADMIN	30-08-10 9:23
37	138800	VKS	Các kho?n ph?i thu khác	NULL	2	USD	A	B	0	0	0	1	1	0	1	1	1	1	1	1	1	NULL	NULL	NULL	NULL	NULL	NULL	NULL	NULL	0	0	0	0	ADMIN	22-06-10 14:37	ADMIN	11-11-10 19:53
38	138810	VKS	Thu? GTGT ??u vào ch?a có hóa ??n	NULL	3	USD	A	B	0	0	1	1	1	0	1	1	1	1	1	1	1	NULL	NULL	NULL	NULL	NULL	NULL	NULL	NULL	0	0	0	0	ADMIN	22-06-10 14:37	ADMIN	30-08-10 9:23
39	138880	VKS	Các kho?n ph?i thu khác	NULL	3	USD	A	B	0	0	1	1	1	0	1	1	1	1	1	1	1	NULL	NULL	NULL	NULL	NULL	NULL	NULL	NULL	0	0	0	0	ADMIN	22-06-10 14:37	ADMIN	30-08-10 9:23
40	139000	VKS	D? phòng ph?i thu khó ?òi		1	USD	A	D	0	0	0	1	1	1	1	1	1	1	1	1	1	NULL	NULL	NULL	NULL	NULL	NULL	NULL	NULL	0	0	0	0	ADMIN	22-06-10 14:37	NULL	NULL
41	141000	VKS	T?m ?ng	NULL	1	USD	A	B	1	0	1	1	0	0	1	1	1	1	1	1	1	NULL	NULL	NULL	NULL	NULL	NULL	NULL	NULL	0	0	0	0	ADMIN	22-06-10 14:37	mynghi	26-01-11 10:07
42	142000	VKS	Chi phí tr? tr??c ng?n h?n	NULL	1	USD	A	D	0	0	0	1	0	0	1	1	1	1	1	1	1	NULL	NULL	NULL	NULL	NULL	NULL	NULL	NULL	0	0	0	0	ADMIN	22-06-10 14:37	ADMIN	11-11-10 18:10
43	142100	VKS	Chi phí tr? tr??c ng?n h?n	NULL	2	USD	A	D	0	0	0	1	1	0	1	1	1	1	1	1	1	NULL	NULL	NULL	NULL	NULL	NULL	NULL	NULL	0	0	0	0	ADMIN	22-06-10 14:37	ADMIN	11-11-10 18:11
44	142110	VKS	Tr? tr??c ti?n thuê v?n phòng		3	USD	A	D	0	0	1	1	1	0	1	1	1	1	1	1	1	NULL	NULL	NULL	NULL	NULL	NULL	NULL	NULL	0	0	0	0	ADMIN	22-06-10 14:37	NULL	NULL
45	142120	VKS	"Tr? tr??c ti?n mua b?o hi?m nhà máy, ng?ng s?n xu?t"		3	USD	A	D	0	0	1	1	1	0	1	1	1	1	1	1	1	NULL	NULL	NULL	NULL	NULL	NULL	NULL	NULL	0	0	0	0	ADMIN	22-06-10 14:37	NULL	NULL
46	142130	VKS	Tr? tr??c ti?n mua b?o hi?m xe c?		3	USD	A	D	0	0	1	1	1	0	1	1	1	1	1	1	1	NULL	NULL	NULL	NULL	NULL	NULL	NULL	NULL	0	0	0	0	ADMIN	22-06-10 14:37	NULL	NULL
47	142140	VKS	"Tr? tr??c ti?n mua b?o hi?m tai n?n, ph?u thu?t"		3	USD	A	D	0	0	1	1	1	0	1	1	1	1	1	1	1	NULL	NULL	NULL	NULL	NULL	NULL	NULL	NULL	0	0	0	0	ADMIN	22-06-10 14:37	NULL	NULL
48	142150	VKS	Tr? tr??c ti?n mua b?o hi?m khác	NULL	3	USD	A	D	0	0	1	1	1	0	1	1	1	1	1	1	1	NULL	NULL	NULL	NULL	NULL	NULL	NULL	NULL	0	0	0	0	ADMIN	22-06-10 14:37	ADMIN	27-08-10 9:28
49	142180	VKS	Chi phí tr? tr??c khác		3	USD	A	D	0	0	1	1	1	0	1	1	1	1	1	1	1	NULL	NULL	NULL	NULL	NULL	NULL	NULL	NULL	0	0	0	0	ADMIN	22-06-10 14:37	NULL	NULL
50	142200	VKS	Chi phí ch? k?t chuy?n	NULL	2	USD	A	D	0	0	0	1	1	0	1	1	1	1	1	1	1	NULL	NULL	NULL	NULL	NULL	NULL	NULL	NULL	0	0	0	0	ADMIN	22-06-10 14:37	ADMIN	17-08-10 10:16
51	144000	VKS	"Th? ch?p, ký c??c, ký qu? ng?n h?n"	NULL	1	USD	A	D	0	0	1	1	1	0	1	1	1	1	1	1	1	NULL	NULL	NULL	NULL	NULL	NULL	NULL	NULL	0	0	0	0	ADMIN	22-06-10 14:37	mynghi	30-11-10 10:38
52	151000	VKS	Hàng mua ?ang ?i trên ???ng		1	USD	A	D	0	0	0	1	1	1	1	1	1	1	1	1	1	NULL	NULL	NULL	NULL	NULL	NULL	NULL	NULL	0	0	0	0	ADMIN	22-06-10 14:37	NULL	NULL
369	151100	VKS	Hàng mua ?ang ?i trên ???ng	NULL	2	USD	A	D	0	0	1	0	0	0	1	1	1	0	1	1	1	NULL	NULL	NULL	NULL	NULL	NULL	NULL	NULL	0	0	0	0	mynghi	18-10-10 14:28	mynghi	18-10-10 14:28
53	152000	VKS	"Nguyên li?u, v?t li?u"		1	USD	A	D	0	0	0	1	1	1	1	1	1	1	1	1	1	NULL	NULL	NULL	NULL	NULL	NULL	NULL	NULL	0	0	0	0	ADMIN	22-06-10 14:37	NULL	NULL
54	152100	VKS	Nguyên v?t li?u chính (phôi thép)	NULL	2	USD	A	D	0	0	0	1	1	0	1	1	1	1	1	1	1	NULL	NULL	NULL	NULL	NULL	NULL	NULL	NULL	0	0	0	0	ADMIN	22-06-10 14:37	ADMIN	22-08-10 12:10
331	152110	VKS	Nguyên v?t li?u chính (phôi thép)	Nguyên v?t li?u chính (phôi thép)	3	USD	A	D	0	0	1	0	0	0	1	1	1	0	1	1	1	NULL	NULL	NULL	NULL	NULL	NULL	NULL	NULL	0	0	0	0	ADMIN	19-08-10 11:05	ADMIN	19-08-10 11:05
55	152200	VKS	Nguyên v?t li?u ph?	NULL	2	USD	A	D	0	0	0	1	1	0	1	1	1	1	1	1	1	NULL	NULL	NULL	NULL	NULL	NULL	NULL	NULL	0	0	0	0	ADMIN	22-06-10 14:37	ADMIN	22-08-10 12:10
332	152210	VKS	Nguyên v?t li?u ph?	Nguyên v?t li?u ph?	3	USD	A	D	0	0	1	0	0	0	1	1	1	0	1	1	1	NULL	NULL	NULL	NULL	NULL	NULL	NULL	NULL	0	0	0	0	ADMIN	19-08-10 11:06	ADMIN	19-08-10 11:06
56	152800	VKS	Ph? tùng nh?p kh?u	NULL	2	USD	A	D	0	0	0	1	1	0	1	1	1	1	1	1	1	NULL	NULL	NULL	NULL	NULL	NULL	NULL	NULL	0	0	0	0	ADMIN	22-06-10 14:37	ADMIN	17-08-10 10:50
57	152810	VKS	D?u Diesel	D?u Diesel	3	USD	A	D	0	0	1	1	1	0	1	1	1	1	1	1	1	NULL	NULL	NULL	NULL	NULL	NULL	NULL	NULL	0	0	0	0	ADMIN	22-06-10 14:37	ADMIN	19-08-10 11:06
58	152820	VKS	D?u HO	D?u HO	3	USD	A	D	0	0	1	1	1	0	1	1	1	1	1	1	1	NULL	NULL	NULL	NULL	NULL	NULL	NULL	NULL	0	0	0	0	ADMIN	22-06-10 14:37	ADMIN	19-08-10 11:07
59	152830	VKS	D?u bôi tr?n	D?u bôi tr?n	3	USD	A	D	0	0	1	1	1	0	1	1	1	1	1	1	1	NULL	NULL	NULL	NULL	NULL	NULL	NULL	NULL	0	0	0	0	ADMIN	22-06-10 14:37	ADMIN	19-08-10 11:07
60	152840	VKS	Tr?c cán	Tr?c cán	3	USD	A	D	0	0	1	1	1	0	1	1	1	1	1	1	1	NULL	NULL	NULL	NULL	NULL	NULL	NULL	NULL	0	0	0	0	ADMIN	22-06-10 14:37	ADMIN	19-08-10 11:07
61	152850	VKS	Ph? tùng	Ph? tùng	3	USD	A	D	0	0	1	1	1	0	1	1	1	1	1	1	1	NULL	NULL	NULL	NULL	NULL	NULL	NULL	NULL	0	0	0	0	ADMIN	22-06-10 14:37	ADMIN	19-08-10 11:07
62	153000	VKS	"Công c?, d?ng c?"		1	USD	A	D	0	0	0	1	1	1	1	1	1	1	1	1	1	NULL	NULL	NULL	NULL	NULL	NULL	NULL	NULL	0	0	0	0	ADMIN	22-06-10 14:37	NULL	NULL
63	153100	VKS	"Công c?, d?ng c?"		2	USD	A	D	0	0	1	1	1	0	1	1	1	1	1	1	1	NULL	NULL	NULL	NULL	NULL	NULL	NULL	NULL	0	0	0	0	ADMIN	22-06-10 14:37	NULL	NULL
64	153200	VKS	Bao bì luân chuy?n		2	USD	A	D	0	0	1	1	1	0	1	1	1	1	1	1	1	NULL	NULL	NULL	NULL	NULL	NULL	NULL	NULL	0	0	0	0	ADMIN	22-06-10 14:37	NULL	NULL
65	153300	VKS	?? dùng cho thuê		2	USD	A	D	0	0	1	1	1	0	1	1	1	1	1	1	1	NULL	NULL	NULL	NULL	NULL	NULL	NULL	NULL	0	0	0	0	ADMIN	22-06-10 14:37	NULL	NULL
66	154000	VKS	Chi phí s?n xu?t kinh doanh d? dang		1	USD	A	D	0	0	0	1	1	1	1	1	1	1	1	1	1	NULL	NULL	NULL	NULL	NULL	NULL	NULL	NULL	0	0	0	0	ADMIN	22-06-10 14:37	NULL	NULL
368	154100	VKS	Chi phí s?n xu?t kinh doanh d? dang	NULL	2	USD	A	D	0	0	1	0	0	0	1	1	1	0	1	1	1	NULL	NULL	NULL	NULL	NULL	NULL	NULL	NULL	0	0	0	0	mynghi	18-10-10 14:27	mynghi	18-10-10 14:27
67	155000	VKS	Thành ph?m		1	USD	A	D	0	0	0	1	1	1	1	1	1	1	1	1	1	NULL	NULL	NULL	NULL	NULL	NULL	NULL	NULL	0	0	0	0	ADMIN	22-06-10 14:37	NULL	NULL
68	155100	VKS	Thành ph?m	NULL	2	USD	A	D	0	0	1	1	1	0	1	1	1	1	1	1	1	NULL	NULL	NULL	NULL	NULL	NULL	NULL	NULL	0	0	0	0	ADMIN	22-06-10 14:37	ADMIN	27-08-10 9:45
69	156000	VKS	Hàng hóa		1	USD	A	D	0	0	0	1	1	1	1	1	1	1	1	1	1	NULL	NULL	NULL	NULL	NULL	NULL	NULL	NULL	0	0	0	0	ADMIN	22-06-10 14:37	NULL	NULL
70	156100	VKS	Giá mua hàng hóa		2	USD	A	D	0	0	1	1	1	0	1	1	1	1	1	1	1	NULL	NULL	NULL	NULL	NULL	NULL	NULL	NULL	0	0	0	0	ADMIN	22-06-10 14:37	NULL	NULL
71	156200	VKS	Chi phí thu mua hàng hóa		2	USD	A	D	0	0	1	1	1	0	1	1	1	1	1	1	1	NULL	NULL	NULL	NULL	NULL	NULL	NULL	NULL	0	0	0	0	ADMIN	22-06-10 14:37	NULL	NULL
72	156700	VKS	Hàng hóa b?t ??ng s?n		2	USD	A	D	0	0	1	1	1	0	1	1	1	1	1	1	1	NULL	NULL	NULL	NULL	NULL	NULL	NULL	NULL	0	0	0	0	ADMIN	22-06-10 14:37	NULL	NULL
73	157000	VKS	Hàng g?i ?i bán		1	USD	A	D	0	0	0	1	1	1	1	1	1	1	1	1	1	NULL	NULL	NULL	NULL	NULL	NULL	NULL	NULL	0	0	0	0	ADMIN	22-06-10 14:37	NULL	NULL
361	157100	VKS	Hàng g?i ?i bán	NULL	2	USD	A	D	0	0	1	0	0	0	1	1	1	0	1	1	1	NULL	NULL	NULL	NULL	NULL	NULL	NULL	NULL	0	0	0	0	ADMIN	27-08-10 9:45	ADMIN	27-08-10 9:45
74	158000	VKS	Hàng hoá kho b?o thu?		1	USD	A	D	0	0	0	1	1	1	1	1	1	1	1	1	1	NULL	NULL	NULL	NULL	NULL	NULL	NULL	NULL	0	0	0	0	ADMIN	22-06-10 14:37	NULL	NULL
75	159000	VKS	D? phòng gi?m giá hàng t?n kho		1	USD	A	D	0	0	0	1	1	1	1	1	1	1	1	1	1	NULL	NULL	NULL	NULL	NULL	NULL	NULL	NULL	0	0	0	0	ADMIN	22-06-10 14:37	NULL	NULL
335	159100	VKS	D? phòng gi?m giá hàng t?n kho	NULL	2	USD	A	C	0	0	1	0	0	0	1	1	1	0	1	1	1	NULL	NULL	NULL	NULL	NULL	NULL	NULL	NULL	0	0	0	0	ADMIN	23-08-10 9:41	ADMIN	23-08-10 9:41
76	161000	VKS	Chi s? nghi?p		1	USD	A	D	0	0	0	1	1	1	1	1	1	1	1	1	1	NULL	NULL	NULL	NULL	NULL	NULL	NULL	NULL	0	0	0	0	ADMIN	22-06-10 14:37	NULL	NULL
77	161100	VKS	Chi s? nghi?p n?m tr??c		2	USD	A	D	0	0	1	1	1	0	1	1	1	1	1	1	1	NULL	NULL	NULL	NULL	NULL	NULL	NULL	NULL	0	0	0	0	ADMIN	22-06-10 14:37	NULL	NULL
78	161200	VKS	Chi s? nghi?p n?m nay		2	USD	A	D	0	0	1	1	1	0	1	1	1	1	1	1	1	NULL	NULL	NULL	NULL	NULL	NULL	NULL	NULL	0	0	0	0	ADMIN	22-06-10 14:37	NULL	NULL
79	211000	VKS	Tài s?n c? ??nh h?u hình		1	USD	A	D	0	0	0	1	1	1	1	1	1	1	1	1	1	NULL	NULL	NULL	NULL	NULL	NULL	NULL	NULL	0	0	0	0	ADMIN	22-06-10 14:37	NULL	NULL
80	211100	VKS	"Nhà c?a, v?t ki?n trúc"	NULL	2	USD	A	D	0	0	0	1	1	0	1	1	1	1	1	1	1	NULL	NULL	NULL	NULL	NULL	NULL	NULL	NULL	0	0	0	0	ADMIN	22-06-10 14:37	ADMIN	23-08-10 15:35
349	211110	VKS	"Nhà c?a, v?t ki?n trúc"	"Nhà c?a, v?t ki?n trúc"	3	USD	A	D	0	0	1	0	0	0	1	1	1	0	1	1	1	NULL	NULL	NULL	NULL	NULL	NULL	NULL	NULL	0	0	0	0	ADMIN	23-08-10 15:35	ADMIN	23-08-10 15:35
81	211200	VKS	"Máy móc, thi?t b?"	NULL	2	USD	A	D	0	0	0	1	1	0	1	1	1	1	1	1	1	NULL	NULL	NULL	NULL	NULL	NULL	NULL	NULL	0	0	0	0	ADMIN	22-06-10 14:37	ADMIN	23-08-10 15:37
350	211210	VKS	"Máy móc, thi?t b?"	"Máy móc, thi?t b?"	3	USD	A	D	0	0	1	0	0	0	1	1	1	0	1	1	1	NULL	NULL	NULL	NULL	NULL	NULL	NULL	NULL	0	0	0	0	ADMIN	23-08-10 15:37	ADMIN	23-08-10 15:37
82	211300	VKS	"Ph??ng ti?n v?n t?i, v?t truy?n d?n"	NULL	2	USD	A	D	0	0	0	1	1	0	1	1	1	1	1	1	1	NULL	NULL	NULL	NULL	NULL	NULL	NULL	NULL	0	0	0	0	ADMIN	22-06-10 14:37	ADMIN	23-08-10 15:38
351	211310	VKS	"Ph??ng ti?n v?n t?i, v?t truy?n d?n"	"Ph??ng ti?n v?n t?i, v?t truy?n d?n"	3	USD	A	D	0	0	1	0	0	0	1	1	1	0	1	1	1	NULL	NULL	NULL	NULL	NULL	NULL	NULL	NULL	0	0	0	0	ADMIN	23-08-10 15:38	ADMIN	23-08-10 15:38
83	211400	VKS	"Thi?t b?, d?ng c? qu?n lý"	NULL	2	USD	A	D	0	0	0	1	1	0	1	1	1	1	1	1	1	NULL	NULL	NULL	NULL	NULL	NULL	NULL	NULL	0	0	0	0	ADMIN	22-06-10 14:37	ADMIN	23-08-10 15:38
352	211410	VKS	"Thi?t b?, d?ng c? qu?n lý"	"Thi?t b?, d?ng c? qu?n lý"	3	USD	A	D	0	0	1	0	0	0	1	1	1	0	1	1	1	NULL	NULL	NULL	NULL	NULL	NULL	NULL	NULL	0	0	0	0	ADMIN	23-08-10 15:38	ADMIN	23-08-10 15:38
84	211500	VKS	"Cây lâu n?m, súc v?t làm vi?c và cho s?n ph?m"	NULL	2	USD	A	D	0	0	0	1	1	0	1	1	1	1	1	1	1	NULL	NULL	NULL	NULL	NULL	NULL	NULL	NULL	0	0	0	0	ADMIN	22-06-10 14:37	ADMIN	23-08-10 15:39
353	211510	VKS	"Cây lâu n?m, súc v?t làm vi?c và cho s?n ph?m"	"Cây lâu n?m, súc v?t làm vi?c và cho s?n ph?m"	3	USD	A	D	0	0	1	0	0	0	1	1	1	0	1	1	1	NULL	NULL	NULL	NULL	NULL	NULL	NULL	NULL	0	0	0	0	ADMIN	23-08-10 15:39	ADMIN	23-08-10 15:39
85	211700	VKS	?? ??c	NULL	2	USD	A	D	0	0	0	1	1	0	1	1	1	1	1	1	1	NULL	NULL	NULL	NULL	NULL	NULL	NULL	NULL	0	0	0	0	ADMIN	22-06-10 14:37	ADMIN	23-08-10 15:39
354	211710	VKS	?? ??c	?? ??c	3	USD	A	D	0	0	1	0	0	0	1	1	1	0	1	1	1	NULL	NULL	NULL	NULL	NULL	NULL	NULL	NULL	0	0	0	0	ADMIN	23-08-10 15:39	ADMIN	23-08-10 15:39
86	211800	VKS	TSC? khác	NULL	2	USD	A	D	0	0	0	1	1	0	1	1	1	1	1	1	1	NULL	NULL	NULL	NULL	NULL	NULL	NULL	NULL	0	0	0	0	ADMIN	22-06-10 14:37	ADMIN	23-08-10 15:40
355	211810	VKS	TSC? khác	TSC? khác	3	USD	A	D	0	0	1	0	0	0	1	1	1	0	1	1	1	NULL	NULL	NULL	NULL	NULL	NULL	NULL	NULL	0	0	0	0	ADMIN	23-08-10 15:40	ADMIN	23-08-10 15:40
87	212000	VKS	TSC? thuê tài chính		1	USD	A	D	0	0	0	1	1	1	1	1	1	1	1	1	1	NULL	NULL	NULL	NULL	NULL	NULL	NULL	NULL	0	0	0	0	ADMIN	22-06-10 14:37	NULL	NULL
88	213000	VKS	TSC? vô hình		1	USD	A	D	0	0	0	1	1	1	1	1	1	1	1	1	1	NULL	NULL	NULL	NULL	NULL	NULL	NULL	NULL	0	0	0	0	ADMIN	22-06-10 14:37	NULL	NULL
89	213100	VKS	Quy?n s? d?ng ??t		2	USD	A	D	0	0	1	1	1	0	1	1	1	1	1	1	1	NULL	NULL	NULL	NULL	NULL	NULL	NULL	NULL	0	0	0	0	ADMIN	22-06-10 14:37	NULL	NULL
90	213200	VKS	Quy?n phát hành		2	USD	A	D	0	0	1	1	1	0	1	1	1	1	1	1	1	NULL	NULL	NULL	NULL	NULL	NULL	NULL	NULL	0	0	0	0	ADMIN	22-06-10 14:37	NULL	NULL
91	213300	VKS	"B?n quy?n, B?ng sáng ch?"		2	USD	A	D	0	0	1	1	1	0	1	1	1	1	1	1	1	NULL	NULL	NULL	NULL	NULL	NULL	NULL	NULL	0	0	0	0	ADMIN	22-06-10 14:37	NULL	NULL
92	213400	VKS	Nhãn hi?u hàng hoá		2	USD	A	D	0	0	1	1	1	0	1	1	1	1	1	1	1	NULL	NULL	NULL	NULL	NULL	NULL	NULL	NULL	0	0	0	0	ADMIN	22-06-10 14:37	NULL	NULL
93	213500	VKS	Ph?n m?m máy vi tính		2	USD	A	D	0	0	1	1	1	0	1	1	1	1	1	1	1	NULL	NULL	NULL	NULL	NULL	NULL	NULL	NULL	0	0	0	0	ADMIN	22-06-10 14:37	NULL	NULL
94	213600	VKS	Gi?y phép và gi?y phép nh??ng quy?n		2	USD	A	D	0	0	1	1	1	0	1	1	1	1	1	1	1	NULL	NULL	NULL	NULL	NULL	NULL	NULL	NULL	0	0	0	0	ADMIN	22-06-10 14:37	NULL	NULL
95	213800	VKS	TSC? vô hình khác		2	USD	A	D	0	0	1	1	1	0	1	1	1	1	1	1	1	NULL	NULL	NULL	NULL	NULL	NULL	NULL	NULL	0	0	0	0	ADMIN	22-06-10 14:37	NULL	NULL
96	214000	VKS	Hao mòn TSC?		1	USD	A	D	0	0	0	1	1	1	1	1	1	1	1	1	1	NULL	NULL	NULL	NULL	NULL	NULL	NULL	NULL	0	0	0	0	ADMIN	22-06-10 14:37	NULL	NULL
97	214100	VKS	Hao mòn TSC? h?u hình	NULL	2	USD	A	C	0	0	1	1	1	0	1	1	1	1	1	1	1	NULL	NULL	NULL	NULL	NULL	NULL	NULL	NULL	0	0	0	0	ADMIN	22-06-10 14:37	ADMIN	30-08-10 10:01
98	214200	VKS	Hao mòn TSC? thuê tài chính		2	USD	A	D	0	0	1	1	1	0	1	1	1	1	1	1	1	NULL	NULL	NULL	NULL	NULL	NULL	NULL	NULL	0	0	0	0	ADMIN	22-06-10 14:37	NULL	NULL
99	214300	VKS	Hao mòn TSC? vô hình		2	USD	A	D	0	0	1	1	1	0	1	1	1	1	1	1	1	NULL	NULL	NULL	NULL	NULL	NULL	NULL	NULL	0	0	0	0	ADMIN	22-06-10 14:37	NULL	NULL
100	214700	VKS	Hao mòn B?t ??ng s?n ??u t?		2	USD	A	D	0	0	1	1	1	0	1	1	1	1	1	1	1	NULL	NULL	NULL	NULL	NULL	NULL	NULL	NULL	0	0	0	0	ADMIN	22-06-10 14:37	NULL	NULL
101	217000	VKS	B?t ??ng s?n ??u t?		1	USD	A	D	0	0	0	1	1	1	1	1	1	1	1	1	1	NULL	NULL	NULL	NULL	NULL	NULL	NULL	NULL	0	0	0	0	ADMIN	22-06-10 14:37	NULL	NULL
102	221000	VKS	??u t? vào Công ty con		1	USD	A	D	0	0	0	1	1	1	1	1	1	1	1	1	1	NULL	NULL	NULL	NULL	NULL	NULL	NULL	NULL	0	0	0	0	ADMIN	22-06-10 14:37	NULL	NULL
103	221100	VKS	??u t? c? phi?u		2	USD	A	D	0	0	1	1	1	0	1	1	1	1	1	1	1	NULL	NULL	NULL	NULL	NULL	NULL	NULL	NULL	0	0	0	0	ADMIN	22-06-10 14:37	NULL	NULL
104	221200	VKS	??u t? khác		2	USD	A	D	0	0	1	1	1	0	1	1	1	1	1	1	1	NULL	NULL	NULL	NULL	NULL	NULL	NULL	NULL	0	0	0	0	ADMIN	22-06-10 14:37	NULL	NULL
105	222000	VKS	V?n góp liên doanh		1	USD	A	D	0	0	0	1	1	1	1	1	1	1	1	1	1	NULL	NULL	NULL	NULL	NULL	NULL	NULL	NULL	0	0	0	0	ADMIN	22-06-10 14:37	NULL	NULL
106	223000	VKS	??u t? vào công ty liên k?t		1	USD	A	D	0	0	0	1	1	1	1	1	1	1	1	1	1	NULL	NULL	NULL	NULL	NULL	NULL	NULL	NULL	0	0	0	0	ADMIN	22-06-10 14:37	NULL	NULL
107	228000	VKS	??u t? dài h?n khác		1	USD	A	D	0	0	0	1	1	1	1	1	1	1	1	1	1	NULL	NULL	NULL	NULL	NULL	NULL	NULL	NULL	0	0	0	0	ADMIN	22-06-10 14:37	NULL	NULL
108	228100	VKS	C? phi?u		2	USD	A	D	0	0	1	1	1	0	1	1	1	1	1	1	1	NULL	NULL	NULL	NULL	NULL	NULL	NULL	NULL	0	0	0	0	ADMIN	22-06-10 14:37	NULL	NULL
109	228200	VKS	Trái phi?u		2	USD	A	D	0	0	1	1	1	0	1	1	1	1	1	1	1	NULL	NULL	NULL	NULL	NULL	NULL	NULL	NULL	0	0	0	0	ADMIN	22-06-10 14:37	NULL	NULL
110	228800	VKS	??u t? dài h?n khác		2	USD	A	D	0	0	1	1	1	0	1	1	1	1	1	1	1	NULL	NULL	NULL	NULL	NULL	NULL	NULL	NULL	0	0	0	0	ADMIN	22-06-10 14:37	NULL	NULL
111	229000	VKS	D? phòng gi?m giá ??u t? dài h?n		1	USD	A	D	0	0	0	1	1	1	1	1	1	1	1	1	1	NULL	NULL	NULL	NULL	NULL	NULL	NULL	NULL	0	0	0	0	ADMIN	22-06-10 14:37	NULL	NULL
112	241000	VKS	XDCB d? dang		1	USD	A	D	0	0	0	1	1	1	1	1	1	1	1	1	1	NULL	NULL	NULL	NULL	NULL	NULL	NULL	NULL	0	0	0	0	ADMIN	22-06-10 14:37	NULL	NULL
113	241100	VKS	Mua s?m TSC?		2	USD	A	D	0	0	1	1	1	0	1	1	1	1	1	1	1	NULL	NULL	NULL	NULL	NULL	NULL	NULL	NULL	0	0	0	0	ADMIN	22-06-10 14:37	NULL	NULL
114	241200	VKS	Xây d?ng c? b?n		2	USD	A	D	0	0	1	1	1	0	1	1	1	1	1	1	1	NULL	NULL	NULL	NULL	NULL	NULL	NULL	NULL	0	0	0	0	ADMIN	22-06-10 14:37	NULL	NULL
115	241300	VKS	S?a ch?a l?n TSC?		2	USD	A	D	0	0	1	1	1	0	1	1	1	1	1	1	1	NULL	NULL	NULL	NULL	NULL	NULL	NULL	NULL	0	0	0	0	ADMIN	22-06-10 14:37	NULL	NULL
116	242000	VKS	Chi phí tr? tr??c dài h?n		1	USD	A	D	0	0	0	1	1	1	1	1	1	1	1	1	1	NULL	NULL	NULL	NULL	NULL	NULL	NULL	NULL	0	0	0	0	ADMIN	22-06-10 14:37	NULL	NULL
117	242200	VKS	Chi phí tr? tr??c dài h?n		2	USD	A	D	0	0	1	1	1	0	1	1	1	1	1	1	1	NULL	NULL	NULL	NULL	NULL	NULL	NULL	NULL	0	0	0	0	ADMIN	22-06-10 14:37	NULL	NULL
118	243000	VKS	Tài s?n thu? thu nh?p hoãn l?i		1	USD	A	D	0	0	0	1	1	1	1	1	1	1	1	1	1	NULL	NULL	NULL	NULL	NULL	NULL	NULL	NULL	0	0	0	0	ADMIN	22-06-10 14:37	NULL	NULL
336	243100	VKS	Tài s?n thu? thu nh?p hoàn l?i	NULL	2	USD	A	D	0	0	1	0	0	0	1	1	1	0	1	1	1	NULL	NULL	NULL	NULL	NULL	NULL	NULL	NULL	0	0	0	0	ADMIN	23-08-10 10:18	ADMIN	23-08-10 10:18
119	244000	VKS	Ký qu? ký c??c dài h?n		1	USD	A	D	0	0	0	1	1	1	1	1	1	1	1	1	1	NULL	NULL	NULL	NULL	NULL	NULL	NULL	NULL	0	0	0	0	ADMIN	22-06-10 14:37	NULL	NULL
337	244100	VKS	"C?m c?, ký qu?, ký c??c dài h?n"	NULL	2	USD	A	D	0	0	1	0	0	0	1	1	1	0	1	1	1	NULL	NULL	NULL	NULL	NULL	NULL	NULL	NULL	0	0	0	0	ADMIN	23-08-10 10:23	ADMIN	23-08-10 10:23
120	311000	VKS	Vay ng?n h?n		1	USD	L	C	0	0	0	1	1	1	1	1	1	1	1	1	1	NULL	NULL	NULL	NULL	NULL	NULL	NULL	NULL	0	0	0	0	ADMIN	22-06-10 14:37	NULL	NULL
339	311100	VKS	Vay ng?n h?n USD	NULL	2	USD	L	B	0	0	1	0	0	0	1	1	1	0	1	1	1	NULL	NULL	NULL	NULL	NULL	NULL	NULL	NULL	0	0	0	0	ADMIN	23-08-10 10:27	ADMIN	16-09-10 19:53
356	311200	VKS	Vay ng?n h?n VND	NULL	2	USD	L	B	0	0	1	0	0	0	1	1	1	0	1	1	1	NULL	NULL	NULL	NULL	NULL	NULL	NULL	NULL	0	0	0	0	ADMIN	26-08-10 9:49	ADMIN	16-09-10 19:53
357	311300	VKS	Vay ng?n h?n JPY	NULL	2	USD	L	B	0	0	1	0	0	0	1	1	1	0	1	1	1	NULL	NULL	NULL	NULL	NULL	NULL	NULL	NULL	0	0	0	0	ADMIN	26-08-10 9:49	ADMIN	16-09-10 19:53
121	315000	VKS	N? dài h?n ??n h?n tr?		1	USD	L	C	0	0	0	1	1	1	1	1	1	1	1	1	1	NULL	NULL	NULL	NULL	NULL	NULL	NULL	NULL	0	0	0	0	ADMIN	22-06-10 14:37	NULL	NULL
122	331000	VKS	Ph?i tr? cho ng??i bán	NULL	1	USD	L	B	0	0	0	1	1	1	1	1	1	1	1	1	1	NULL	NULL	NULL	NULL	NULL	NULL	NULL	NULL	0	0	0	0	ADMIN	22-06-10 14:37	ADMIN	17-08-10 15:20
123	331100	VKS	Ph?i tr? cho ng??i bán trong n??c	NULL	2	USD	L	B	0	0	0	1	1	1	1	1	1	1	1	1	1	NULL	NULL	NULL	NULL	NULL	NULL	NULL	NULL	0	0	0	0	ADMIN	22-06-10 14:37	ADMIN	16-09-10 19:58
318	331110	VKS	Ph?i tr? cho ng??i bán trong n??c	NULL	3	USD	L	B	1	0	1	1	1	0	1	1	1	0	1	1	1	NULL	NULL	NULL	NULL	NULL	NULL	NULL	NULL	0	0	0	0	ADMIN	17-08-10 15:21	ADMIN	17-08-10 15:21
124	331200	VKS	Ph?i tr? cho ng??i bán n??c ngoài	NULL	2	USD	L	B	0	0	0	1	1	0	1	1	1	1	1	1	1	NULL	NULL	NULL	NULL	NULL	NULL	NULL	NULL	0	0	0	0	ADMIN	22-06-10 14:37	ADMIN	17-08-10 15:22
319	331210	VKS	Ph?i tr? cho ng??i bán n??c ngoài (USD)	NULL	3	USD	L	B	1	0	1	0	1	0	1	1	1	0	1	1	1	NULL	NULL	NULL	NULL	NULL	NULL	NULL	NULL	0	0	0	0	ADMIN	17-08-10 15:21	ADMIN	27-08-10 10:02
363	331220	VKS	Ph?i tr? cho ng??i bán n??c ngoài (JPY)	NULL	3	USD	L	B	1	0	1	0	1	0	1	1	1	0	1	1	1	NULL	NULL	NULL	NULL	NULL	NULL	NULL	NULL	0	0	0	0	ADMIN	27-08-10 10:01	ADMIN	27-08-10 10:04
362	331230	VKS	Ph?i tr? cho ng??i bán n??c ngoài (ngo?i t? khác)	NULL	3	USD	L	B	1	0	1	0	1	0	1	1	1	0	1	1	1	NULL	NULL	NULL	NULL	NULL	NULL	NULL	NULL	0	0	0	0	ADMIN	27-08-10 10:00	ADMIN	27-08-10 10:04
125	333000	VKS	Thu? và các kho?n ph?i n?p nhà n??c		1	USD	L	C	0	0	0	1	1	1	1	1	1	1	1	1	1	NULL	NULL	NULL	NULL	NULL	NULL	NULL	NULL	0	0	0	0	ADMIN	22-06-10 14:37	NULL	NULL
126	333100	VKS	Thu? giá tr? gia t?ng ph?i n?p	NULL	2	USD	L	C	0	0	0	1	1	0	1	1	1	1	1	1	1	NULL	NULL	NULL	NULL	NULL	NULL	NULL	NULL	0	0	0	0	ADMIN	22-06-10 14:37	ADMIN	11-11-10 21:05
127	333110	VKS	Thu? giá tr? gia t?ng ??u ra	NULL	3	USD	L	C	0	0	1	1	1	0	1	1	1	1	1	1	1	NULL	NULL	NULL	NULL	NULL	NULL	NULL	NULL	0	0	0	0	ADMIN	22-06-10 14:37	ADMIN	11-11-10 21:37
128	333120	VKS	Thu? giá tr? gia t?ng hàng nh?p kh?u	NULL	3	USD	L	C	0	0	1	1	1	0	1	1	1	1	1	1	1	NULL	NULL	NULL	NULL	NULL	NULL	NULL	NULL	0	0	0	0	ADMIN	22-06-10 14:37	ADMIN	11-11-10 21:37
129	333200	VKS	Thu? tiêu th? ??c bi?t	NULL	2	USD	L	B	0	0	0	1	1	0	1	1	1	1	1	1	1	NULL	NULL	NULL	NULL	NULL	NULL	NULL	NULL	0	0	0	0	ADMIN	22-06-10 14:37	ADMIN	30-08-10 10:07
330	333210	VKS	Thu? tiêu th? ??c bi?t	NULL	3	USD	L	B	1	0	1	1	1	0	1	1	1	0	1	1	1	NULL	NULL	NULL	NULL	NULL	NULL	NULL	NULL	0	0	0	0	ADMIN	19-08-10 10:55	ADMIN	30-08-10 10:07
130	333300	VKS	Thu? xu?t nh?p kh?u	NULL	2	USD	L	C	0	0	0	1	1	0	1	1	1	1	1	1	1	NULL	NULL	NULL	NULL	NULL	NULL	NULL	NULL	0	0	0	0	ADMIN	22-06-10 14:37	ADMIN	30-08-10 10:08
131	333310	VKS	Thu? xu?t kh?u	NULL	3	USD	L	B	0	0	1	1	1	0	1	1	1	1	1	1	1	NULL	NULL	NULL	NULL	NULL	NULL	NULL	NULL	0	0	0	0	ADMIN	22-06-10 14:37	ADMIN	04-10-10 14:28
132	333320	VKS	Thu? nh?p kh?u	NULL	3	USD	L	B	0	0	1	1	1	0	1	1	1	1	1	1	1	NULL	NULL	NULL	NULL	NULL	NULL	NULL	NULL	0	0	0	0	ADMIN	22-06-10 14:37	ADMIN	04-10-10 14:28
133	333400	VKS	Thu? thu nh?p doanh nghi?p	NULL	2	USD	L	B	0	0	0	1	1	0	1	1	1	1	1	1	1	NULL	NULL	NULL	NULL	NULL	NULL	NULL	NULL	0	0	0	0	ADMIN	22-06-10 14:37	ADMIN	30-08-10 10:50
327	333410	VKS	Thu? thu nh?p doanh nghi?p (n?m tr??c)	NULL	3	USD	L	B	1	0	1	0	1	0	1	1	1	0	1	1	1	NULL	NULL	NULL	NULL	NULL	NULL	NULL	NULL	0	0	0	0	ADMIN	19-08-10 10:53	ADMIN	27-08-10 11:38
364	333420	VKS	Thu? thu nh?p doanh nghi?p (n?m nay)	NULL	3	USD	L	B	1	0	1	0	1	0	1	1	1	0	1	1	1	NULL	NULL	NULL	NULL	NULL	NULL	NULL	NULL	0	0	0	0	ADMIN	27-08-10 11:38	ADMIN	27-08-10 11:38
134	333500	VKS	Thu? thu nh?p cá nhân	NULL	2	USD	L	C	0	0	0	1	1	0	1	1	1	1	1	1	1	NULL	NULL	NULL	NULL	NULL	NULL	NULL	NULL	0	0	0	0	ADMIN	22-06-10 14:37	ADMIN	19-08-10 10:52
328	333510	VKS	Thu? thu nh?p cá nhân	NULL	3	USD	L	B	1	0	1	1	1	0	1	1	1	0	1	1	1	NULL	NULL	NULL	NULL	NULL	NULL	NULL	NULL	0	0	0	0	ADMIN	19-08-10 10:53	ADMIN	19-08-10 10:53
135	333600	VKS	Thu? tài nguyên	NULL	2	USD	L	C	0	0	0	1	1	0	1	1	1	1	1	1	1	NULL	NULL	NULL	NULL	NULL	NULL	NULL	NULL	0	0	0	0	ADMIN	22-06-10 14:37	ADMIN	19-08-10 10:52
329	333610	VKS	Thu? tài nguyên	NULL	3	USD	L	B	1	0	1	1	1	0	1	1	1	0	1	1	1	NULL	NULL	NULL	NULL	NULL	NULL	NULL	NULL	0	0	0	0	ADMIN	19-08-10 10:55	ADMIN	19-08-10 10:55
136	333700	VKS	"Thu? nhà ??t, ti?n thuê ??t"	NULL	2	USD	L	C	0	0	0	1	1	0	1	1	1	1	1	1	1	NULL	NULL	NULL	NULL	NULL	NULL	NULL	NULL	0	0	0	0	ADMIN	22-06-10 14:37	ADMIN	19-08-10 10:52
137	333710	VKS	Thu? nhà ??t	NULL	3	USD	L	B	0	0	1	1	1	0	1	1	1	1	1	1	1	NULL	NULL	NULL	NULL	NULL	NULL	NULL	NULL	0	0	0	0	ADMIN	22-06-10 14:37	ADMIN	30-08-10 10:08
138	333720	VKS	Ti?n thuê ??t	NULL	3	USD	L	B	0	0	1	1	1	0	1	1	1	1	1	1	1	NULL	NULL	NULL	NULL	NULL	NULL	NULL	NULL	0	0	0	0	ADMIN	22-06-10 14:37	ADMIN	30-08-10 10:08
139	333800	VKS	Các lo?i thu? khác	NULL	2	USD	L	C	1	0	0	1	1	0	1	1	1	1	1	1	1	NULL	NULL	NULL	NULL	NULL	NULL	NULL	NULL	0	0	0	0	ADMIN	22-06-10 14:37	ADMIN	19-08-10 10:56
140	333810	VKS	Thu? môn bài	NULL	3	USD	L	B	1	0	1	1	1	0	1	1	1	1	1	1	1	NULL	NULL	NULL	NULL	NULL	NULL	NULL	NULL	0	0	0	0	ADMIN	22-06-10 14:37	ADMIN	19-08-10 10:56
141	333820	VKS	Các lo?i thu? khác	NULL	3	USD	L	B	1	0	1	1	1	0	1	1	1	1	1	1	1	NULL	NULL	NULL	NULL	NULL	NULL	NULL	NULL	0	0	0	0	ADMIN	22-06-10 14:37	ADMIN	19-08-10 10:56
142	333900	VKS	"Phí, l? phí và các kho?n ph?i n?p khác"	NULL	2	USD	L	C	0	0	0	1	1	0	1	1	1	1	1	1	1	NULL	NULL	NULL	NULL	NULL	NULL	NULL	NULL	0	0	0	0	ADMIN	22-06-10 14:37	ADMIN	19-08-10 10:56
143	333910	VKS	Các kho?n ph? thu	NULL	3	USD	L	B	0	0	1	1	1	0	1	1	1	1	1	1	1	NULL	NULL	NULL	NULL	NULL	NULL	NULL	NULL	0	0	0	0	ADMIN	22-06-10 14:37	ADMIN	30-08-10 10:09
144	333920	VKS	"Các kho?n phí, l? phí"	NULL	3	USD	L	B	0	0	1	1	1	0	1	1	1	1	1	1	1	NULL	NULL	NULL	NULL	NULL	NULL	NULL	NULL	0	0	0	0	ADMIN	22-06-10 14:37	ADMIN	30-08-10 10:09
145	333930	VKS	Các kho?n khác	NULL	3	USD	L	B	0	0	1	1	1	0	1	1	1	1	1	1	1	NULL	NULL	NULL	NULL	NULL	NULL	NULL	NULL	0	0	0	0	ADMIN	22-06-10 14:37	ADMIN	30-08-10 10:09
146	334000	VKS	Ph?i tr? công nhân viên		1	USD	L	C	0	0	0	1	1	1	1	1	1	1	1	1	1	NULL	NULL	NULL	NULL	NULL	NULL	NULL	NULL	0	0	0	0	ADMIN	22-06-10 14:37	NULL	NULL
147	334100	VKS	L??ng ph?i tr?	NULL	2	USD	L	C	0	0	1	1	1	0	1	1	1	1	1	1	1	NULL	NULL	NULL	NULL	NULL	NULL	NULL	NULL	0	0	0	0	ADMIN	22-06-10 14:37	mynghi	26-01-11 14:01
148	334200	VKS	Trích th??ng cu?i n?m	NULL	2	USD	L	C	0	0	1	1	1	0	1	1	1	1	1	1	1	NULL	NULL	NULL	NULL	NULL	NULL	NULL	NULL	0	0	0	0	ADMIN	22-06-10 14:37	mynghi	26-01-11 14:01
149	334800	VKS	Ph?i tr? ng??i lao ??ng khác	NULL	2	USD	L	C	0	0	1	1	1	0	1	1	1	1	1	1	1	NULL	NULL	NULL	NULL	NULL	NULL	NULL	NULL	0	0	0	0	ADMIN	22-06-10 14:37	mynghi	26-01-11 14:01
150	335000	VKS	Chi phí ph?i tr?		1	USD	L	C	0	0	0	1	1	1	1	1	1	1	1	1	1	NULL	NULL	NULL	NULL	NULL	NULL	NULL	NULL	0	0	0	0	ADMIN	22-06-10 14:37	NULL	NULL
151	335100	VKS	Ph?i tr? lãi vay ngân hàng	NULL	2	USD	L	B	0	0	1	1	1	0	1	1	1	1	1	1	1	NULL	NULL	NULL	NULL	NULL	NULL	NULL	NULL	0	0	0	0	ADMIN	22-06-10 14:37	ADMIN	27-09-10 16:06
152	335200	VKS	Chi phí ph?i tr?	NULL	2	USD	L	C	0	0	0	1	1	0	1	1	1	1	1	1	1	NULL	NULL	NULL	NULL	NULL	NULL	NULL	NULL	0	0	0	0	ADMIN	22-06-10 14:37	ADMIN	11-11-10 15:37
153	335210	VKS	"Ph?i tr? ti?n ?i?n, n??c"	NULL	3	USD	L	B	0	0	1	1	1	0	1	1	1	1	1	1	1	NULL	NULL	NULL	NULL	NULL	NULL	NULL	NULL	0	0	0	0	ADMIN	22-06-10 14:37	ADMIN	28-09-10 8:00
154	335220	VKS	"Ph?i tr? chi phí ?i?n th?ai, thông tin liên l?c"	NULL	3	USD	L	B	1	0	1	1	1	0	1	1	1	1	1	1	1	NULL	NULL	NULL	NULL	NULL	NULL	NULL	NULL	0	0	0	0	ADMIN	22-06-10 14:37	ADMIN	10-12-10 14:54
155	335230	VKS	Ph?i tr? chi phí v?n chuy?n	NULL	3	USD	L	B	0	0	1	1	1	0	1	1	1	1	1	1	1	NULL	NULL	NULL	NULL	NULL	NULL	NULL	NULL	0	0	0	0	ADMIN	22-06-10 14:37	ADMIN	28-09-10 8:00
156	335240	VKS	Ph?i tr? chi phí tr? giá	NULL	3	USD	L	B	0	0	1	1	1	0	1	1	1	1	1	1	1	NULL	NULL	NULL	NULL	NULL	NULL	NULL	NULL	0	0	0	0	ADMIN	22-06-10 14:37	ADMIN	28-09-10 8:00
157	335250	VKS	Ph?i tr? chi phí qu?ng cáo	NULL	3	USD	L	B	1	0	1	1	1	0	1	1	1	1	1	1	1	NULL	NULL	NULL	NULL	NULL	NULL	NULL	NULL	0	0	0	0	ADMIN	22-06-10 14:37	ADMIN	24-11-10 14:05
158	335280	VKS	Chi phí ph?i tr? khác	NULL	3	USD	L	B	0	0	1	1	1	0	1	1	1	1	1	1	1	NULL	NULL	NULL	NULL	NULL	NULL	NULL	NULL	0	0	0	0	ADMIN	22-06-10 14:37	ADMIN	28-09-10 8:00
159	335300	VKS	Qu? d? phòng tr? c?p m?t vi?c làm	NULL	2	USD	L	C	0	0	0	1	1	0	1	1	1	1	1	1	1	NULL	NULL	NULL	NULL	NULL	NULL	NULL	NULL	0	0	0	0	ADMIN	22-06-10 14:37	ADMIN	27-08-10 13:47
160	336000	VKS	Ph?i tr? n?i b?		1	USD	L	C	0	0	0	1	1	1	1	1	1	1	1	1	1	NULL	NULL	NULL	NULL	NULL	NULL	NULL	NULL	0	0	0	0	ADMIN	22-06-10 14:37	NULL	NULL
161	337000	VKS	Thanh toán theo ti?n ?? k? ho?ch h?p ??ng xây d?ng		1	USD	L	C	0	0	0	1	1	1	1	1	1	1	1	1	1	NULL	NULL	NULL	NULL	NULL	NULL	NULL	NULL	0	0	0	0	ADMIN	22-06-10 14:37	NULL	NULL
162	338000	VKS	"Ph?i tr?, ph?i n?p khác"		1	USD	L	C	0	0	0	1	1	1	1	1	1	1	1	1	1	NULL	NULL	NULL	NULL	NULL	NULL	NULL	NULL	0	0	0	0	ADMIN	22-06-10 14:37	NULL	NULL
163	338100	VKS	Tài s?n th?a ch? gi?i quy?t	NULL	2	USD	L	B	0	0	1	1	1	0	1	1	1	1	1	1	1	NULL	NULL	NULL	NULL	NULL	NULL	NULL	NULL	0	0	0	0	ADMIN	22-06-10 14:37	ADMIN	15-10-10 9:41
164	338200	VKS	Kinh phí công ?oàn	NULL	2	USD	L	C	0	0	0	1	1	0	1	1	1	1	1	1	1	NULL	NULL	NULL	NULL	NULL	NULL	NULL	NULL	0	0	0	0	ADMIN	22-06-10 14:37	ADMIN	02-11-10 13:27
321	338210	VKS	Kinh phí công ?oàn	NULL	3	USD	L	B	1	0	1	1	1	0	1	1	1	0	1	1	1	NULL	NULL	NULL	NULL	NULL	NULL	NULL	NULL	0	0	0	0	ADMIN	17-08-10 16:14	ADMIN	30-08-10 11:05
165	338300	VKS	B?o hi?m xã h?i	NULL	2	USD	L	C	0	0	0	1	1	0	1	1	1	1	1	1	1	NULL	NULL	NULL	NULL	NULL	NULL	NULL	NULL	0	0	0	0	ADMIN	22-06-10 14:37	ADMIN	16-09-10 19:18
322	338310	VKS	B?o hi?m xã h?i	NULL	3	USD	L	B	1	0	1	1	1	0	1	1	1	0	1	1	1	NULL	NULL	NULL	NULL	NULL	NULL	NULL	NULL	0	0	0	0	ADMIN	17-08-10 16:14	ADMIN	30-08-10 10:54
166	338400	VKS	B?o hi?m y t?	NULL	2	USD	L	C	1	0	0	1	1	0	1	1	1	1	1	1	1	NULL	NULL	NULL	NULL	NULL	NULL	NULL	NULL	0	0	0	0	ADMIN	22-06-10 14:37	ADMIN	16-09-10 19:18
323	338410	VKS	B?o hi?m y t?	NULL	3	USD	L	B	1	0	1	1	1	0	1	1	1	0	1	1	1	NULL	NULL	NULL	NULL	NULL	NULL	NULL	NULL	0	0	0	0	ADMIN	17-08-10 16:15	ADMIN	30-08-10 10:55
167	338500	VKS	Ph?i tr? v? c? ph?n hoá	NULL	2	USD	L	B	0	0	1	1	1	0	1	1	1	1	1	1	1	NULL	NULL	NULL	NULL	NULL	NULL	NULL	NULL	0	0	0	0	ADMIN	22-06-10 14:37	ADMIN	16-09-10 19:17
168	338600	VKS	"Nh?n ký c??c, ký qu? ng?n h?n"	NULL	2	USD	L	C	0	0	0	1	1	0	1	1	1	1	1	1	1	NULL	NULL	NULL	NULL	NULL	NULL	NULL	NULL	0	0	0	0	ADMIN	22-06-10 14:37	ADMIN	16-09-10 19:18
325	338610	VKS	"Nh?n ký c??c, ký qu? ng?n h?n (VND)"	NULL	3	USD	L	B	1	0	1	1	1	0	1	1	1	0	1	1	1	NULL	NULL	NULL	NULL	NULL	NULL	NULL	NULL	0	0	0	0	ADMIN	17-08-10 16:17	ADMIN	16-09-10 13:53
367	338620	VKS	"Nh?n ký c??c, ký qu? ng?n h?n (USD)"	NULL	3	USD	L	B	0	0	1	0	0	0	1	1	1	0	1	1	1	NULL	NULL	NULL	NULL	NULL	NULL	NULL	NULL	0	0	0	0	ADMIN	16-09-10 13:53	ADMIN	16-09-10 19:17
169	338700	VKS	Doanh thu ch?a th?c hi?n	NULL	2	USD	L	B	0	0	1	1	1	0	1	1	1	1	1	1	1	NULL	NULL	NULL	NULL	NULL	NULL	NULL	NULL	0	0	0	0	ADMIN	22-06-10 14:37	ADMIN	30-08-10 10:55
170	338800	VKS	"Ph?i tr?, ph?i n?p khác"	NULL	2	USD	L	B	0	0	1	1	1	0	1	1	1	1	1	1	1	NULL	NULL	NULL	NULL	NULL	NULL	NULL	NULL	0	0	0	0	ADMIN	22-06-10 14:37	ADMIN	30-08-10 10:54
171	338900	VKS	B?o hi?m th?t nghi?p	NULL	2	USD	L	B	0	0	1	1	1	0	1	1	1	1	1	1	1	NULL	NULL	NULL	NULL	NULL	NULL	NULL	NULL	0	0	0	0	ADMIN	22-06-10 14:37	ADMIN	30-08-10 10:54
340	344000	VKS	Nh?n ký qu? ký c??c dài h?n	NULL	1	USD	L	C	0	0	0	0	0	0	1	1	1	0	1	1	1	NULL	NULL	NULL	NULL	NULL	NULL	NULL	NULL	0	0	0	0	ADMIN	23-08-10 11:38	ADMIN	23-08-10 11:40
341	344100	VKS	"Nh?n ký qu?, ký c??c dài h?n VND"	NULL	2	USD	L	C	0	0	1	0	0	0	1	1	1	0	1	1	1	NULL	NULL	NULL	NULL	NULL	NULL	NULL	NULL	0	0	0	0	ADMIN	23-08-10 11:38	ADMIN	26-08-10 10:34
358	344200	VKS	"Nh?n ký qu?, ký c??c dài h?n USD"	NULL	2	USD	L	C	1	0	1	0	0	0	1	1	1	0	1	1	1	NULL	NULL	NULL	NULL	NULL	NULL	NULL	NULL	0	0	0	0	ADMIN	26-08-10 10:35	ADMIN	26-08-10 10:35
342	351000	VKS	D? phòng tr? c?p m?t vi?c làm	NULL	1	USD	L	C	0	0	0	0	0	0	1	1	1	0	1	1	1	NULL	NULL	NULL	NULL	NULL	NULL	NULL	NULL	0	0	0	0	ADMIN	23-08-10 11:39	ADMIN	23-08-10 11:42
343	351100	VKS	D? phòng tr? c?p m?t vi?c làm	NULL	2	USD	L	C	0	0	1	0	0	0	1	1	1	0	1	1	1	NULL	NULL	NULL	NULL	NULL	NULL	NULL	NULL	0	0	0	0	ADMIN	23-08-10 11:40	ADMIN	23-08-10 11:40
308	411000	VKS	Ngu?n v?n kinh doanh	NULL	1	USD	L	C	0	0	0	0	0	0	1	1	1	0	1	1	1	NULL	NULL	NULL	NULL	NULL	NULL	NULL	NULL	0	0	0	0	ADMIN	01-07-10 14:51	ADMIN	01-07-10 14:51
309	411100	VKS	V?n ??u t? c?a ch? s? h?u	NULL	2	USD	L	C	0	0	0	0	0	0	1	1	1	0	1	1	1	NULL	NULL	NULL	NULL	NULL	NULL	NULL	NULL	0	0	0	0	ADMIN	01-07-10 14:51	ADMIN	01-07-10 14:51
346	411110	VKS	V?n c?a công ty TCT Thép Vi?t Nam	NULL	3	USD	L	C	0	0	1	0	0	0	1	1	1	0	1	1	1	NULL	NULL	NULL	NULL	NULL	NULL	NULL	NULL	0	0	0	0	ADMIN	23-08-10 11:45	ADMIN	23-08-10 11:45
345	411120	VKS	V?n c?a công ty Kyoei	NULL	3	USD	L	C	0	0	1	0	0	0	1	1	1	0	1	1	1	NULL	NULL	NULL	NULL	NULL	NULL	NULL	NULL	0	0	0	0	ADMIN	23-08-10 11:44	ADMIN	23-08-10 11:44
347	411130	VKS	V?n c?a công ty Mitsui	NULL	3	USD	L	C	0	0	1	0	0	0	1	1	1	0	1	1	1	NULL	NULL	NULL	NULL	NULL	NULL	NULL	NULL	0	0	0	0	ADMIN	23-08-10 11:45	ADMIN	23-08-10 11:45
348	411140	VKS	V?n c?a công ty Itochu	NULL	3	USD	L	C	0	0	1	0	0	0	1	1	1	0	1	1	1	NULL	NULL	NULL	NULL	NULL	NULL	NULL	NULL	0	0	0	0	ADMIN	23-08-10 11:46	ADMIN	23-08-10 11:46
310	411200	VKS	Th?ng d? v?n c? ph?n	NULL	2	USD	L	C	0	0	0	0	0	0	1	1	1	0	1	1	1	NULL	NULL	NULL	NULL	NULL	NULL	NULL	NULL	0	0	0	0	ADMIN	01-07-10 14:52	ADMIN	01-07-10 14:52
311	411800	VKS	V?n khác	NULL	2	USD	L	C	0	0	0	0	0	0	1	1	1	0	1	1	1	NULL	NULL	NULL	NULL	NULL	NULL	NULL	NULL	0	0	0	0	ADMIN	01-07-10 14:52	ADMIN	01-07-10 14:52
172	413000	VKS	Chênh l?ch t? giá		1	USD	L	C	0	0	0	1	1	1	1	1	1	1	1	1	1	NULL	NULL	NULL	NULL	NULL	NULL	NULL	NULL	0	0	0	0	ADMIN	22-06-10 14:37	NULL	NULL
173	413100	VKS	Chênh l?ch t? giá ?ánh giá l?i cu?i n?m tài chính	NULL	2	USD	L	C	0	0	0	1	1	0	1	1	1	1	1	1	1	NULL	NULL	NULL	NULL	NULL	NULL	NULL	NULL	0	0	0	0	ADMIN	22-06-10 14:37	ADMIN	02-11-10 13:03
370	413110	VKS	Chênh l?ch t? giá TK ti?n m?t & ti?n g?i ngân hàng	NULL	3	USD	L	C	0	0	1	0	0	0	1	1	1	0	1	1	1	NULL	NULL	NULL	NULL	NULL	NULL	NULL	NULL	0	0	0	0	ADMIN	26-10-10 13:53	ADMIN	26-10-10 13:53
371	413120	VKS	Chênh l?ch t? giá các kho?n ph?i thu	NULL	3	USD	L	C	0	0	1	0	0	0	1	1	1	0	1	1	1	NULL	NULL	NULL	NULL	NULL	NULL	NULL	NULL	0	0	0	0	ADMIN	26-10-10 13:54	ADMIN	26-10-10 13:54
372	413130	VKS	Chênh l?ch t? giá các kho?n vay	NULL	3	USD	L	C	0	0	1	0	0	0	1	1	1	0	1	1	1	NULL	NULL	NULL	NULL	NULL	NULL	NULL	NULL	0	0	0	0	ADMIN	26-10-10 13:55	ADMIN	26-10-10 13:55
373	413140	VKS	Chênh l?ch t? giá các kho?n ph?i tr?	NULL	3	USD	L	C	0	0	1	0	0	0	1	1	1	0	1	1	1	NULL	NULL	NULL	NULL	NULL	NULL	NULL	NULL	0	0	0	0	ADMIN	26-10-10 13:55	ADMIN	26-10-10 13:55
174	413300	VKS	Chênh l?ch t? giá h?i ?oái chuy?n ??i t? báo cáo tài chính		2	USD	L	C	0	0	1	1	1	0	1	1	1	1	1	1	1	NULL	NULL	NULL	NULL	NULL	NULL	NULL	NULL	0	0	0	0	ADMIN	22-06-10 14:37	NULL	NULL
175	417000	VKS	Qu? h? tr? s?p x?p và c? ph?n hoá doanh nghi?p nhà n??c		1	USD	L	C	0	0	0	1	1	1	1	1	1	1	1	1	1	NULL	NULL	NULL	NULL	NULL	NULL	NULL	NULL	0	0	0	0	ADMIN	22-06-10 14:37	NULL	NULL
312	421000	VKS	L?i nhu?n ch?a phân ph?i	NULL	1	USD	L	C	0	0	0	0	0	0	1	1	1	0	1	1	1	NULL	NULL	NULL	NULL	NULL	NULL	NULL	NULL	0	0	0	0	ADMIN	01-07-10 14:54	ADMIN	01-07-10 14:54
313	421100	VKS	L?i nhu?n ch?a phân ph?i n?m tr??c	NULL	2	USD	L	C	0	0	1	0	0	0	1	1	1	0	1	1	1	NULL	NULL	NULL	NULL	NULL	NULL	NULL	NULL	0	0	0	0	ADMIN	01-07-10 14:54	ADMIN	01-07-10 17:10
314	421200	VKS	L?i nhu?n ch?a phân ph?i n?m nay	NULL	2	USD	L	C	0	0	1	0	0	0	1	1	1	0	1	1	1	NULL	NULL	NULL	NULL	NULL	NULL	NULL	NULL	0	0	0	0	ADMIN	01-07-10 14:54	ADMIN	01-07-10 17:10
176	451000	VKS	Qu? qu?n lý c?a c?p trên		1	USD	L	C	0	0	0	1	1	1	1	1	1	1	1	1	1	NULL	NULL	NULL	NULL	NULL	NULL	NULL	NULL	0	0	0	0	ADMIN	22-06-10 14:37	NULL	NULL
177	511000	VKS	Doanh thu bán hàng và cung c?p d?ch v?		1	USD	I	C	0	0	0	1	1	1	1	1	1	1	1	1	1	NULL	NULL	NULL	NULL	NULL	NULL	NULL	NULL	0	0	0	0	ADMIN	22-06-10 14:37	NULL	NULL
178	511100	VKS	Doanh thu bán hàng hóa	NULL	2	USD	I	C	0	0	0	1	1	0	1	1	1	1	1	1	1	NULL	NULL	NULL	NULL	NULL	NULL	NULL	NULL	0	0	0	0	ADMIN	22-06-10 14:37	ADMIN	19-10-10 16:21
179	511200	VKS	Doanh thu bán thành ph?m	NULL	2	USD	I	C	0	0	0	1	1	0	1	1	1	1	1	1	1	NULL	NULL	NULL	NULL	NULL	NULL	NULL	NULL	0	0	0	0	ADMIN	22-06-10 14:37	ADMIN	15-09-10 15:29
180	511210	VKS	Doanh thu bán hàng chính ph?m		3	USD	I	C	0	0	1	1	1	0	1	1	1	1	1	1	1	NULL	NULL	NULL	NULL	NULL	NULL	NULL	NULL	0	0	0	0	ADMIN	22-06-10 14:37	NULL	NULL
181	511220	VKS	"Doanh thu bán th? ph?m, ph? ph?m"		3	USD	I	C	0	0	1	1	1	0	1	1	1	1	1	1	1	NULL	NULL	NULL	NULL	NULL	NULL	NULL	NULL	0	0	0	0	ADMIN	22-06-10 14:37	NULL	NULL
182	511300	VKS	Doanh thu cung c?p d?ch v?		2	USD	I	C	0	0	1	1	1	0	1	1	1	1	1	1	1	NULL	NULL	NULL	NULL	NULL	NULL	NULL	NULL	0	0	0	0	ADMIN	22-06-10 14:37	NULL	NULL
183	511400	VKS	"Doanh thu tr? c?p, tr? giá"		2	USD	I	C	0	0	1	1	1	0	1	1	1	1	1	1	1	NULL	NULL	NULL	NULL	NULL	NULL	NULL	NULL	0	0	0	0	ADMIN	22-06-10 14:37	NULL	NULL
184	511700	VKS	Doanh thu kinh doanh b?t ??ng s?n ??u t?		2	USD	I	C	0	0	1	1	1	0	1	1	1	1	1	1	1	NULL	NULL	NULL	NULL	NULL	NULL	NULL	NULL	0	0	0	0	ADMIN	22-06-10 14:37	NULL	NULL
185	512000	VKS	Doanh thu n?i b?		1	USD	I	C	0	0	0	1	1	1	1	1	1	1	1	1	1	NULL	NULL	NULL	NULL	NULL	NULL	NULL	NULL	0	0	0	0	ADMIN	22-06-10 14:37	NULL	NULL
186	512100	VKS	Doanh thu bán hàng hóa		2	USD	I	C	0	0	1	1	1	0	1	1	1	1	1	1	1	NULL	NULL	NULL	NULL	NULL	NULL	NULL	NULL	0	0	0	0	ADMIN	22-06-10 14:37	NULL	NULL
187	512200	VKS	Doanh thu bán thành ph?m		2	USD	I	C	0	0	1	1	1	0	1	1	1	1	1	1	1	NULL	NULL	NULL	NULL	NULL	NULL	NULL	NULL	0	0	0	0	ADMIN	22-06-10 14:37	NULL	NULL
188	512300	VKS	Doanh thu cung c?p d?ch v?		2	USD	I	C	0	0	1	1	1	0	1	1	1	1	1	1	1	NULL	NULL	NULL	NULL	NULL	NULL	NULL	NULL	0	0	0	0	ADMIN	22-06-10 14:37	NULL	NULL
189	515000	VKS	Doanh thu ho?t ??ng tài chính		1	USD	I	C	0	0	0	1	1	1	1	1	1	1	1	1	1	NULL	NULL	NULL	NULL	NULL	NULL	NULL	NULL	0	0	0	0	ADMIN	22-06-10 14:37	NULL	NULL
190	515100	VKS	Thu lãi ti?n g?i		2	USD	I	C	0	0	1	1	1	0	1	1	1	1	1	1	1	NULL	NULL	NULL	NULL	NULL	NULL	NULL	NULL	0	0	0	0	ADMIN	22-06-10 14:37	NULL	NULL
191	515200	VKS	"Thu nh?p t? trái phi?u, c? phi?u"		2	USD	I	C	0	0	1	1	1	0	1	1	1	1	1	1	1	NULL	NULL	NULL	NULL	NULL	NULL	NULL	NULL	0	0	0	0	ADMIN	22-06-10 14:37	NULL	NULL
192	515300	VKS	Thu nh?p t? Công ty liên k?t		2	USD	I	C	0	0	1	1	1	0	1	1	1	1	1	1	1	NULL	NULL	NULL	NULL	NULL	NULL	NULL	NULL	0	0	0	0	ADMIN	22-06-10 14:37	NULL	NULL
193	515900	VKS	Chênh l?ch t? giá	NULL	2	USD	I	C	0	0	0	1	1	0	1	1	1	1	1	1	1	NULL	NULL	NULL	NULL	NULL	NULL	NULL	NULL	0	0	0	0	ADMIN	22-06-10 14:37	ADMIN	15-09-10 15:30
194	515910	VKS	Chênh l?ch t? giá do thanh tóan		3	USD	I	C	0	0	1	1	1	0	1	1	1	1	1	1	1	NULL	NULL	NULL	NULL	NULL	NULL	NULL	NULL	0	0	0	0	ADMIN	22-06-10 14:37	NULL	NULL
195	515920	VKS	Chênh l?ch t? giá do ?ánh giá s? d? cu?i k?		3	USD	I	C	0	0	1	1	1	0	1	1	1	1	1	1	1	NULL	NULL	NULL	NULL	NULL	NULL	NULL	NULL	0	0	0	0	ADMIN	22-06-10 14:37	NULL	NULL
196	521000	VKS	Chi?t kh?u hàng hóa	NULL	1	USD	I	D	0	0	0	1	1	1	1	1	1	1	1	1	1	NULL	NULL	NULL	NULL	NULL	NULL	NULL	NULL	0	0	0	0	ADMIN	22-06-10 14:37	ADMIN	10-11-10 8:09
197	521100	VKS	Chi?t kh?u hàng hóa	NULL	2	USD	I	D	0	0	1	1	1	0	1	1	1	1	1	1	1	NULL	NULL	NULL	NULL	NULL	NULL	NULL	NULL	0	0	0	0	ADMIN	22-06-10 14:37	ADMIN	10-11-10 8:09
198	521200	VKS	Chi?t kh?u thành ph?m	NULL	2	USD	I	D	0	0	1	1	1	0	1	1	1	1	1	1	1	NULL	NULL	NULL	NULL	NULL	NULL	NULL	NULL	0	0	0	0	ADMIN	22-06-10 14:37	ADMIN	10-11-10 8:09
199	521300	VKS	Chi?t kh?u d?ch v?	NULL	2	USD	I	D	0	0	1	1	1	0	1	1	1	1	1	1	1	NULL	NULL	NULL	NULL	NULL	NULL	NULL	NULL	0	0	0	0	ADMIN	22-06-10 14:37	ADMIN	10-11-10 8:09
200	531000	VKS	Hàng bán b? tr? l?i	NULL	1	USD	I	D	0	0	0	1	1	1	1	1	1	1	1	1	1	NULL	NULL	NULL	NULL	NULL	NULL	NULL	NULL	0	0	0	0	ADMIN	22-06-10 14:37	ADMIN	10-11-10 8:10
201	532000	VKS	Gi?m giá hàng bán	NULL	1	USD	I	D	0	0	0	1	1	1	1	1	1	1	1	1	1	NULL	NULL	NULL	NULL	NULL	NULL	NULL	NULL	0	0	0	0	ADMIN	22-06-10 14:37	ADMIN	10-11-10 8:10
202	611000	VKS	Mua hàng		1	USD	E	D	0	0	0	1	1	1	1	1	1	1	1	1	1	NULL	NULL	NULL	NULL	NULL	NULL	NULL	NULL	0	0	0	0	ADMIN	22-06-10 14:37	NULL	NULL
203	611100	VKS	Mua nguyên v?t li?u		2	USD	E	D	0	0	1	1	1	0	1	1	1	1	1	1	1	NULL	NULL	NULL	NULL	NULL	NULL	NULL	NULL	0	0	0	0	ADMIN	22-06-10 14:37	NULL	NULL
204	611200	VKS	Mua hàng hóa		2	USD	E	D	0	0	1	1	1	0	1	1	1	1	1	1	1	NULL	NULL	NULL	NULL	NULL	NULL	NULL	NULL	0	0	0	0	ADMIN	22-06-10 14:37	NULL	NULL
205	621000	VKS	"Chi phí nguyên, v?t li?u tr?c ti?p"		1	USD	E	D	0	0	0	1	1	1	1	1	1	1	1	1	1	NULL	NULL	NULL	NULL	NULL	NULL	NULL	NULL	0	0	0	0	ADMIN	22-06-10 14:37	NULL	NULL
206	621100	VKS	Chi phí nguyên v?t li?u chính		2	USD	E	D	0	0	1	1	1	0	1	1	1	1	1	1	1	NULL	NULL	NULL	NULL	NULL	NULL	NULL	NULL	0	0	0	0	ADMIN	22-06-10 14:37	NULL	NULL
207	621200	VKS	Chi phí nguyên vât li?u ph?	NULL	2	USD	E	D	0	0	1	1	1	0	1	1	1	1	1	1	1	NULL	NULL	NULL	NULL	NULL	NULL	NULL	NULL	0	0	0	0	ADMIN	22-06-10 14:37	ADMIN	15-09-10 18:15
208	622000	VKS	Chi phí nhân công tr?c ti?p		1	USD	E	D	0	0	0	1	1	1	1	1	1	1	1	1	1	NULL	NULL	NULL	NULL	NULL	NULL	NULL	NULL	0	0	0	0	ADMIN	22-06-10 14:37	NULL	NULL
209	622100	VKS	Chi phí l??ng công nh?n tr?c ti?p		2	USD	E	D	0	0	1	1	1	0	1	1	1	1	1	1	1	NULL	NULL	NULL	NULL	NULL	NULL	NULL	NULL	0	0	0	0	ADMIN	22-06-10 14:37	NULL	NULL
210	622200	VKS	Chi phí BHXH công nhân tr?c ti?p		2	USD	E	D	0	0	1	1	1	0	1	1	1	1	1	1	1	NULL	NULL	NULL	NULL	NULL	NULL	NULL	NULL	0	0	0	0	ADMIN	22-06-10 14:37	NULL	NULL
211	622300	VKS	Chi phí BHYT công nhân tr?c ti?p		2	USD	E	D	0	0	1	1	1	0	1	1	1	1	1	1	1	NULL	NULL	NULL	NULL	NULL	NULL	NULL	NULL	0	0	0	0	ADMIN	22-06-10 14:37	NULL	NULL
212	622400	VKS	Chi phí th??ng công nhân tr?c ti?p		2	USD	E	D	0	0	1	1	1	0	1	1	1	1	1	1	1	NULL	NULL	NULL	NULL	NULL	NULL	NULL	NULL	0	0	0	0	ADMIN	22-06-10 14:37	NULL	NULL
213	622800	VKS	Chi phí nhân công tr?c ti?p -khác	NULL	2	USD	E	D	0	0	1	1	1	0	1	1	1	1	1	1	1	NULL	NULL	NULL	NULL	NULL	NULL	NULL	NULL	0	0	0	0	ADMIN	22-06-10 14:37	mynghi	22-10-10 13:50
214	623000	VKS	Chi phí máy thi công		1	USD	E	D	0	0	0	1	1	1	1	1	1	1	1	1	1	NULL	NULL	NULL	NULL	NULL	NULL	NULL	NULL	0	0	0	0	ADMIN	22-06-10 14:37	NULL	NULL
215	623100	VKS	Chi phí máy thi công - nhân viên	NULL	2	USD	E	D	0	0	1	1	1	1	1	1	1	1	1	1	1	NULL	NULL	NULL	NULL	NULL	NULL	NULL	NULL	0	0	0	0	ADMIN	22-06-10 14:37	ADMIN	15-09-10 17:57
216	623200	VKS	Chi phí máy thi công - v?t li?u	NULL	2	USD	E	D	0	0	1	1	1	1	1	1	1	1	1	1	1	NULL	NULL	NULL	NULL	NULL	NULL	NULL	NULL	0	0	0	0	ADMIN	22-06-10 14:37	ADMIN	15-09-10 17:57
217	623300	VKS	Chi phí máy thi công - d?ng c? s?n xu?t	NULL	2	USD	E	D	0	0	1	1	1	1	1	1	1	1	1	1	1	NULL	NULL	NULL	NULL	NULL	NULL	NULL	NULL	0	0	0	0	ADMIN	22-06-10 14:37	ADMIN	15-09-10 17:57
218	623400	VKS	Chi phí máy thi công - kh?u hao	NULL	2	USD	E	D	0	0	1	1	1	1	1	1	1	1	1	1	1	NULL	NULL	NULL	NULL	NULL	NULL	NULL	NULL	0	0	0	0	ADMIN	22-06-10 14:37	ADMIN	15-09-10 17:57
219	623700	VKS	Chi phí máy thi công - d?ch v? mua ngoài	NULL	2	USD	E	D	0	0	1	1	1	1	1	1	1	1	1	1	1	NULL	NULL	NULL	NULL	NULL	NULL	NULL	NULL	0	0	0	0	ADMIN	22-06-10 14:37	ADMIN	15-09-10 17:58
220	623800	VKS	Chi phí máy thi công - khác	NULL	2	USD	E	D	0	0	1	1	1	1	1	1	1	1	1	1	1	NULL	NULL	NULL	NULL	NULL	NULL	NULL	NULL	0	0	0	0	ADMIN	22-06-10 14:37	ADMIN	15-09-10 18:27
221	627000	VKS	Chi phí s?n xu?t chung		1	USD	E	D	0	0	0	1	1	1	1	1	1	1	1	1	1	NULL	NULL	NULL	NULL	NULL	NULL	NULL	NULL	0	0	0	0	ADMIN	22-06-10 14:37	NULL	NULL
222	627100	VKS	Chi phí nhân viên phân x??ng	NULL	2	USD	E	D	0	0	0	1	1	0	1	1	1	1	1	1	1	NULL	NULL	NULL	NULL	NULL	NULL	NULL	NULL	0	0	0	0	ADMIN	22-06-10 14:37	ADMIN	15-09-10 15:32
223	627110	VKS	Chi phí l??ng b? ph?n qu?n lý s?n xu?t		3	USD	E	D	0	0	1	1	1	0	1	1	1	1	1	1	1	NULL	NULL	NULL	NULL	NULL	NULL	NULL	NULL	0	0	0	0	ADMIN	22-06-10 14:37	NULL	NULL
224	627120	VKS	Chi phí BHXH b? ph?n qu?n lý s?n xu?t		3	USD	E	D	0	0	1	1	1	0	1	1	1	1	1	1	1	NULL	NULL	NULL	NULL	NULL	NULL	NULL	NULL	0	0	0	0	ADMIN	22-06-10 14:37	NULL	NULL
225	627130	VKS	Chi phí BHYT b? ph?n qu?n lý s?n xu?t		3	USD	E	D	0	0	1	1	1	0	1	1	1	1	1	1	1	NULL	NULL	NULL	NULL	NULL	NULL	NULL	NULL	0	0	0	0	ADMIN	22-06-10 14:37	NULL	NULL
226	627140	VKS	Chi phí th??ng b? ph?n qu?n lý s?n xu?t		3	USD	E	D	0	0	1	1	1	0	1	1	1	1	1	1	1	NULL	NULL	NULL	NULL	NULL	NULL	NULL	NULL	0	0	0	0	ADMIN	22-06-10 14:37	NULL	NULL
227	627180	VKS	Chi phí nhân viên phân x??ng - khác	NULL	3	USD	E	D	0	0	1	1	1	0	1	1	1	1	1	1	1	NULL	NULL	NULL	NULL	NULL	NULL	NULL	NULL	0	0	0	0	ADMIN	22-06-10 14:37	ADMIN	15-09-10 20:18
228	627200	VKS	Chi phí v?t li?u		2	USD	E	D	0	0	1	1	1	0	1	1	1	1	1	1	1	NULL	NULL	NULL	NULL	NULL	NULL	NULL	NULL	0	0	0	0	ADMIN	22-06-10 14:37	NULL	NULL
365	627210	VKS	Chi phí NVL chính	Raw material (Billet)	3	USD	E	D	0	0	1	0	0	0	1	1	1	0	1	1	1	NULL	NULL	NULL	NULL	NULL	NULL	NULL	NULL	0	0	0	0	ADMIN	15-09-10 17:28	ADMIN	15-09-10 17:28
375	627220	VKS	Chi phí NVL ph? 	Sub Materials	2	USD	E	D	0	0	1	0	0	0	1	1	1	0	1	1	1	NULL	NULL	NULL	NULL	NULL	NULL	NULL	NULL	0	0	0	0	mynghi	09-12-10 10:23	mynghi	09-12-10 10:23
229	627300	VKS	Chi phí d?ng c? s?n xu?t		2	USD	E	D	0	0	1	1	1	0	1	1	1	1	1	1	1	NULL	NULL	NULL	NULL	NULL	NULL	NULL	NULL	0	0	0	0	ADMIN	22-06-10 14:37	NULL	NULL
230	627400	VKS	Chi phí kh?u hao TSC?		2	USD	E	D	0	0	1	1	1	0	1	1	1	1	1	1	1	NULL	NULL	NULL	NULL	NULL	NULL	NULL	NULL	0	0	0	0	ADMIN	22-06-10 14:37	NULL	NULL
231	627700	VKS	Chi phí d?ch v? mua ngoài	NULL	2	USD	E	D	0	0	1	1	1	0	1	1	1	1	1	1	1	NULL	NULL	NULL	NULL	NULL	NULL	NULL	NULL	0	0	0	0	ADMIN	22-06-10 14:37	ADMIN	15-09-10 20:26
232	627800	VKS	Chi phí b?ng ti?n khác	Other manufacturing expense	2	USD	E	D	0	0	1	1	1	0	1	1	1	1	1	1	1	NULL	NULL	NULL	NULL	NULL	NULL	NULL	NULL	0	0	0	0	ADMIN	22-06-10 14:37	ADMIN	15-09-10 20:14
233	631000	VKS	Giá thành s?n xu?t		1	USD	E	D	0	0	0	1	1	1	1	1	1	1	1	1	1	NULL	NULL	NULL	NULL	NULL	NULL	NULL	NULL	0	0	0	0	ADMIN	22-06-10 14:37	NULL	NULL
234	632000	VKS	Giá v?n hàng bán		1	USD	E	D	0	0	0	1	1	1	1	1	1	1	1	1	1	NULL	NULL	NULL	NULL	NULL	NULL	NULL	NULL	0	0	0	0	ADMIN	22-06-10 14:37	NULL	NULL
235	632100	VKS	Giá v?n hàng bán		2	USD	E	D	0	0	1	1	1	0	1	1	1	1	1	1	1	NULL	NULL	NULL	NULL	NULL	NULL	NULL	NULL	0	0	0	0	ADMIN	22-06-10 14:37	NULL	NULL
236	632900	VKS	D? phòng gi?m giá hàng t?n kho		2	USD	E	D	0	0	1	1	1	0	1	1	1	1	1	1	1	NULL	NULL	NULL	NULL	NULL	NULL	NULL	NULL	0	0	0	0	ADMIN	22-06-10 14:37	NULL	NULL
237	635000	VKS	Chi phí tài chính		1	USD	E	D	0	0	0	1	1	1	1	1	1	1	1	1	1	NULL	NULL	NULL	NULL	NULL	NULL	NULL	NULL	0	0	0	0	ADMIN	22-06-10 14:37	NULL	NULL
238	635100	VKS	Chi phí lãi ti?n vay		2	USD	E	D	0	0	1	1	1	0	1	1	1	1	1	1	1	NULL	NULL	NULL	NULL	NULL	NULL	NULL	NULL	0	0	0	0	ADMIN	22-06-10 14:37	NULL	NULL
239	635200	VKS	Chi phí tài chính cho C? phi?u trái phi?u		2	USD	E	D	0	0	1	1	1	0	1	1	1	1	1	1	1	NULL	NULL	NULL	NULL	NULL	NULL	NULL	NULL	0	0	0	0	ADMIN	22-06-10 14:37	NULL	NULL
240	635300	VKS	Chi phí tài chính		2	USD	E	D	0	0	1	1	1	0	1	1	1	1	1	1	1	NULL	NULL	NULL	NULL	NULL	NULL	NULL	NULL	0	0	0	0	ADMIN	22-06-10 14:37	NULL	NULL
241	635900	VKS	Chênh l?ch t? giá		2	USD	E	D	0	0	1	1	1	0	1	1	1	1	1	1	1	NULL	NULL	NULL	NULL	NULL	NULL	NULL	NULL	0	0	0	0	ADMIN	22-06-10 14:37	NULL	NULL
242	635910	VKS	Chênh l?ch t? giá do thanh tóan		3	USD	E	D	0	0	1	1	1	0	1	1	1	1	1	1	1	NULL	NULL	NULL	NULL	NULL	NULL	NULL	NULL	0	0	0	0	ADMIN	22-06-10 14:37	NULL	NULL
243	635920	VKS	Chênh l?ch t? giá do ?ánh giá s? d? cu?i k?		3	USD	E	D	0	0	1	1	1	0	1	1	1	1	1	1	1	NULL	NULL	NULL	NULL	NULL	NULL	NULL	NULL	0	0	0	0	ADMIN	22-06-10 14:37	NULL	NULL
244	641000	VKS	Chi phí bán hàng	NULL	1	USD	E	D	0	0	0	1	1	1	1	1	1	1	1	1	1	NULL	NULL	NULL	NULL	NULL	NULL	NULL	NULL	0	0	0	0	ADMIN	22-06-10 14:37	ADMIN	15-09-10 18:49
245	641100	VKS	Chi phí nhân viên		2	USD	E	D	0	0	1	1	1	0	1	1	1	1	1	1	1	NULL	NULL	NULL	NULL	NULL	NULL	NULL	NULL	0	0	0	0	ADMIN	22-06-10 14:37	NULL	NULL
246	641110	VKS	Chi phí l??ng b? ph?n bán hàng		3	USD	E	D	0	0	1	1	1	0	1	1	1	1	1	1	1	NULL	NULL	NULL	NULL	NULL	NULL	NULL	NULL	0	0	0	0	ADMIN	22-06-10 14:37	NULL	NULL
247	641120	VKS	Chi phí BHXH b? ph?n bán hàng		3	USD	E	D	0	0	1	1	1	0	1	1	1	1	1	1	1	NULL	NULL	NULL	NULL	NULL	NULL	NULL	NULL	0	0	0	0	ADMIN	22-06-10 14:37	NULL	NULL
248	641130	VKS	Chi phí BHYT b? ph?n bán hàng		3	USD	E	D	0	0	1	1	1	0	1	1	1	1	1	1	1	NULL	NULL	NULL	NULL	NULL	NULL	NULL	NULL	0	0	0	0	ADMIN	22-06-10 14:37	NULL	NULL
249	641140	VKS	Chi phí th??ng b? ph?n bán hàng		3	USD	E	D	0	0	1	1	1	0	1	1	1	1	1	1	1	NULL	NULL	NULL	NULL	NULL	NULL	NULL	NULL	0	0	0	0	ADMIN	22-06-10 14:37	NULL	NULL
250	641180	VKS	Chi phí nhân viên bán hàng -khác	NULL	3	USD	E	D	0	0	1	1	1	0	1	1	1	1	1	1	1	NULL	NULL	NULL	NULL	NULL	NULL	NULL	NULL	0	0	0	0	ADMIN	22-06-10 14:37	ADMIN	15-09-10 20:19
251	641200	VKS	Chi phí v?t li?u bao bì		2	USD	E	D	0	0	1	1	1	0	1	1	1	1	1	1	1	NULL	NULL	NULL	NULL	NULL	NULL	NULL	NULL	0	0	0	0	ADMIN	22-06-10 14:37	NULL	NULL
252	641300	VKS	"Chi phí d?ng c?, ?? dùng"		2	USD	E	D	0	0	1	1	1	0	1	1	1	1	1	1	1	NULL	NULL	NULL	NULL	NULL	NULL	NULL	NULL	0	0	0	0	ADMIN	22-06-10 14:37	NULL	NULL
253	641400	VKS	Chi phí kh?u hao TSC?		2	USD	E	D	0	0	1	1	1	0	1	1	1	1	1	1	1	NULL	NULL	NULL	NULL	NULL	NULL	NULL	NULL	0	0	0	0	ADMIN	22-06-10 14:37	NULL	NULL
254	641500	VKS	Chi phí b?o hành	Warantee expense for product 	2	USD	E	D	0	0	1	1	1	1	1	1	1	1	1	1	1	NULL	NULL	NULL	NULL	NULL	NULL	NULL	NULL	0	0	0	0	ADMIN	22-06-10 14:37	ADMIN	15-09-10 19:45
255	641700	VKS	Chi phí d?ch v? mua ngoài	"Freight-out, Rented services expense"	2	USD	E	D	0	0	1	1	1	0	1	1	1	1	1	1	1	NULL	NULL	NULL	NULL	NULL	NULL	NULL	NULL	0	0	0	0	ADMIN	22-06-10 14:37	ADMIN	15-09-10 19:45
256	641800	VKS	Chi phí b?ng ti?n khác	Other sales expense	2	USD	E	D	0	0	1	1	1	0	1	1	1	1	1	1	1	NULL	NULL	NULL	NULL	NULL	NULL	NULL	NULL	0	0	0	0	ADMIN	22-06-10 14:37	ADMIN	15-09-10 20:11
257	641900	VKS	"Chi phí chi?t kh?u bán hàng, qu?ng cáo, GTSP"	"Discount, Advert. & promotion expense"	2	USD	E	D	0	0	1	1	1	0	1	1	1	1	1	1	1	NULL	NULL	NULL	NULL	NULL	NULL	NULL	NULL	0	0	0	0	ADMIN	22-06-10 14:37	ADMIN	15-09-10 20:02
258	642000	VKS	Chi phí qu?n lý doanh nghi?p		1	USD	E	D	0	0	0	1	1	1	1	1	1	1	1	1	1	NULL	NULL	NULL	NULL	NULL	NULL	NULL	NULL	0	0	0	0	ADMIN	22-06-10 14:37	NULL	NULL
259	642100	VKS	Chi phí nhân viên qu?n lý	NULL	2	USD	E	D	0	0	0	1	1	0	1	1	1	1	1	1	1	NULL	NULL	NULL	NULL	NULL	NULL	NULL	NULL	0	0	0	0	ADMIN	22-06-10 14:37	ADMIN	15-09-10 15:28
260	642110	VKS	L??ng Ban giám ??c		3	USD	E	D	0	0	1	1	1	0	1	1	1	1	1	1	1	NULL	NULL	NULL	NULL	NULL	NULL	NULL	NULL	0	0	0	0	ADMIN	22-06-10 14:37	NULL	NULL
261	642120	VKS	L??ng nhân viên qu?n lý		3	USD	E	D	0	0	1	1	1	0	1	1	1	1	1	1	1	NULL	NULL	NULL	NULL	NULL	NULL	NULL	NULL	0	0	0	0	ADMIN	22-06-10 14:37	NULL	NULL
262	642130	VKS	Chi phí BHXH b? ph?n v?n phòng		3	USD	E	D	0	0	1	1	1	0	1	1	1	1	1	1	1	NULL	NULL	NULL	NULL	NULL	NULL	NULL	NULL	0	0	0	0	ADMIN	22-06-10 14:37	NULL	NULL
263	642140	VKS	Chi phí BHYT b? ph?n v?n phòng		3	USD	E	D	0	0	1	1	1	0	1	1	1	1	1	1	1	NULL	NULL	NULL	NULL	NULL	NULL	NULL	NULL	0	0	0	0	ADMIN	22-06-10 14:37	NULL	NULL
264	642150	VKS	Chi phí th??ng b? ph?n v?n phòng		3	USD	E	D	0	0	1	1	1	0	1	1	1	1	1	1	1	NULL	NULL	NULL	NULL	NULL	NULL	NULL	NULL	0	0	0	0	ADMIN	22-06-10 14:37	NULL	NULL
265	642180	VKS	Chi phí nhân viên qu?n lý -khác	NULL	3	USD	E	D	0	0	1	1	1	0	1	1	1	1	1	1	1	NULL	NULL	NULL	NULL	NULL	NULL	NULL	NULL	0	0	0	0	ADMIN	22-06-10 14:37	ADMIN	15-09-10 20:18
266	642200	VKS	Chi phí v?t li?u dùng cho qu?n lý		2	USD	E	D	0	0	1	1	1	0	1	1	1	1	1	1	1	NULL	NULL	NULL	NULL	NULL	NULL	NULL	NULL	0	0	0	0	ADMIN	22-06-10 14:37	NULL	NULL
267	642300	VKS	Chi phí ?? dùng v?n phòng		2	USD	E	D	0	0	1	1	1	0	1	1	1	1	1	1	1	NULL	NULL	NULL	NULL	NULL	NULL	NULL	NULL	0	0	0	0	ADMIN	22-06-10 14:37	NULL	NULL
268	642400	VKS	Chi phí kh?u hao TSC?		2	USD	E	D	0	0	1	1	1	0	1	1	1	1	1	1	1	NULL	NULL	NULL	NULL	NULL	NULL	NULL	NULL	0	0	0	0	ADMIN	22-06-10 14:37	NULL	NULL
269	642500	VKS	"Thu?, phí, l? phí"		2	USD	E	D	0	0	1	1	1	0	1	1	1	1	1	1	1	NULL	NULL	NULL	NULL	NULL	NULL	NULL	NULL	0	0	0	0	ADMIN	22-06-10 14:37	NULL	NULL
270	642600	VKS	Chi phí d? phòng		2	USD	E	D	0	0	1	1	1	0	1	1	1	1	1	1	1	NULL	NULL	NULL	NULL	NULL	NULL	NULL	NULL	0	0	0	0	ADMIN	22-06-10 14:37	NULL	NULL
271	642700	VKS	Chi phí d?ch v? mua ngoài		2	USD	E	D	0	0	1	1	1	0	1	1	1	1	1	1	1	NULL	NULL	NULL	NULL	NULL	NULL	NULL	NULL	0	0	0	0	ADMIN	22-06-10 14:37	NULL	NULL
272	642800	VKS	Chi phí b?ng ti?n khác	Other administration expense	2	USD	E	D	0	0	1	1	1	0	1	1	1	1	1	1	1	NULL	NULL	NULL	NULL	NULL	NULL	NULL	NULL	0	0	0	0	ADMIN	22-06-10 14:37	ADMIN	15-09-10 20:11
273	711000	VKS	Thu nh?p khác		1	USD	I	C	0	0	0	1	1	1	1	1	1	1	1	1	1	NULL	NULL	NULL	NULL	NULL	NULL	NULL	NULL	0	0	0	0	ADMIN	22-06-10 14:37	NULL	NULL
274	711100	VKS	Thu thanh lý tài s?n	NULL	2	USD	I	C	0	0	0	1	1	0	1	1	1	1	1	1	1	NULL	NULL	NULL	NULL	NULL	NULL	NULL	NULL	0	0	0	0	ADMIN	22-06-10 14:37	ADMIN	01-07-10 17:38
275	711110	VKS	Thu thanh lý TSC?		3	USD	I	C	0	0	1	1	1	0	1	1	1	1	1	1	1	NULL	NULL	NULL	NULL	NULL	NULL	NULL	NULL	0	0	0	0	ADMIN	22-06-10 14:37	NULL	NULL
276	711120	VKS	Thu thanh lý ph? li?u		3	USD	I	C	0	0	1	1	1	0	1	1	1	1	1	1	1	NULL	NULL	NULL	NULL	NULL	NULL	NULL	NULL	0	0	0	0	ADMIN	22-06-10 14:37	NULL	NULL
277	711180	VKS	Thu khác		3	USD	I	C	0	0	1	1	1	0	1	1	1	1	1	1	1	NULL	NULL	NULL	NULL	NULL	NULL	NULL	NULL	0	0	0	0	ADMIN	22-06-10 14:37	NULL	NULL
278	711200	VKS	"Thu gi?m thu?, hòan thu?, mi?n thu?"	NULL	2	USD	I	C	0	0	1	1	1	0	1	1	1	1	1	1	1	NULL	NULL	NULL	NULL	NULL	NULL	NULL	NULL	0	0	0	0	ADMIN	22-06-10 14:37	ADMIN	15-09-10 15:35
279	711800	VKS	Thu nh?p khác		2	USD	I	C	0	0	1	1	1	0	1	1	1	1	1	1	1	NULL	NULL	NULL	NULL	NULL	NULL	NULL	NULL	0	0	0	0	ADMIN	22-06-10 14:37	NULL	NULL
280	711900	VKS	Thu b?i th??ng	NULL	2	USD	I	C	0	0	0	1	1	0	1	1	1	1	1	1	1	NULL	NULL	NULL	NULL	NULL	NULL	NULL	NULL	0	0	0	0	ADMIN	22-06-10 14:37	ADMIN	01-07-10 17:38
281	711910	VKS	Thu b?i th??ng billet		3	USD	I	C	0	0	1	1	1	0	1	1	1	1	1	1	1	NULL	NULL	NULL	NULL	NULL	NULL	NULL	NULL	0	0	0	0	ADMIN	22-06-10 14:37	NULL	NULL
282	711980	VKS	Thu b?i th??ng khác		3	USD	I	C	0	0	1	1	1	0	1	1	1	1	1	1	1	NULL	NULL	NULL	NULL	NULL	NULL	NULL	NULL	0	0	0	0	ADMIN	22-06-10 14:37	NULL	NULL
283	811000	VKS	Chi phí thanh lý		1	USD	E	D	0	0	0	1	1	1	1	1	1	1	1	1	1	NULL	NULL	NULL	NULL	NULL	NULL	NULL	NULL	0	0	0	0	ADMIN	22-06-10 14:37	NULL	NULL
284	811100	VKS	Chi phí thanh lý	NULL	2	USD	E	D	0	0	0	1	1	0	1	1	1	1	1	1	1	NULL	NULL	NULL	NULL	NULL	NULL	NULL	NULL	0	0	0	0	ADMIN	22-06-10 14:37	ADMIN	01-07-10 17:36
285	811110	VKS	Chi phí thanh lý TSC?		3	USD	E	D	0	0	1	1	1	0	1	1	1	1	1	1	1	NULL	NULL	NULL	NULL	NULL	NULL	NULL	NULL	0	0	0	0	ADMIN	22-06-10 14:37	NULL	NULL
286	811120	VKS	Chi phí thanh lý ph? li?u		3	USD	E	D	0	0	1	1	1	0	1	1	1	1	1	1	1	NULL	NULL	NULL	NULL	NULL	NULL	NULL	NULL	0	0	0	0	ADMIN	22-06-10 14:37	NULL	NULL
287	811130	VKS	Chi phí thanh lý khác		3	USD	E	D	0	0	1	1	1	0	1	1	1	1	1	1	1	NULL	NULL	NULL	NULL	NULL	NULL	NULL	NULL	0	0	0	0	ADMIN	22-06-10 14:37	NULL	NULL
288	811200	VKS	"Chi phí gi?m thu?, hòan thu?, mi?n thu?"	NULL	2	USD	E	D	0	0	0	1	1	0	1	1	1	1	1	1	1	NULL	NULL	NULL	NULL	NULL	NULL	NULL	NULL	0	0	0	0	ADMIN	22-06-10 14:37	ADMIN	01-07-10 17:36
289	811800	VKS	Chi phí khác	NULL	2	USD	E	D	0	0	0	1	1	0	1	1	1	1	1	1	1	NULL	NULL	NULL	NULL	NULL	NULL	NULL	NULL	0	0	0	0	ADMIN	22-06-10 14:37	ADMIN	01-07-10 17:37
290	811900	VKS	Chi phí b?i th??ng	NULL	2	USD	E	D	0	0	0	1	1	0	1	1	1	1	1	1	1	NULL	NULL	NULL	NULL	NULL	NULL	NULL	NULL	0	0	0	0	ADMIN	22-06-10 14:37	ADMIN	15-09-10 15:36
291	811910	VKS	Chi phí b?i th??ng s?n ph?m		3	USD	E	D	0	0	1	1	1	0	1	1	1	1	1	1	1	NULL	NULL	NULL	NULL	NULL	NULL	NULL	NULL	0	0	0	0	ADMIN	22-06-10 14:37	NULL	NULL
292	811980	VKS	Chi phí b?i th??ng khác		3	USD	E	D	0	0	1	1	1	0	1	1	1	1	1	1	1	NULL	NULL	NULL	NULL	NULL	NULL	NULL	NULL	0	0	0	0	ADMIN	22-06-10 14:37	NULL	NULL
293	821000	VKS	Chi phí thu? thu nh?p doanh nghi?p		1	USD	E	D	0	0	0	1	1	1	1	1	1	1	1	1	1	NULL	NULL	NULL	NULL	NULL	NULL	NULL	NULL	0	0	0	0	ADMIN	22-06-10 14:37	NULL	NULL
294	821100	VKS	Chi phí thu? thu nh?p doanh nghi?p hi?n hành		2	USD	E	D	0	0	1	1	1	0	1	1	1	1	1	1	1	NULL	NULL	NULL	NULL	NULL	NULL	NULL	NULL	0	0	0	0	ADMIN	22-06-10 14:37	NULL	NULL
295	821200	VKS	Chi phí thu? thu nh?p doanh nghi?p hõan l?i		2	USD	E	D	0	0	1	1	1	0	1	1	1	1	1	1	1	NULL	NULL	NULL	NULL	NULL	NULL	NULL	NULL	0	0	0	0	ADMIN	22-06-10 14:37	NULL	NULL
296	911000	VKS	Xác ??nh k?t qu? s?n xu?t kinh doanh		1	USD	I	D	0	0	0	1	1	1	1	1	1	1	1	1	1	NULL	NULL	NULL	NULL	NULL	NULL	NULL	NULL	0	0	0	0	ADMIN	22-06-10 14:37	NULL	NULL
297	911100	VKS	Xác ??nh k?t qu? H?KD		2	USD	I	D	0	0	1	1	1	0	1	1	1	1	1	1	1	NULL	NULL	NULL	NULL	NULL	NULL	NULL	NULL	0	0	0	0	ADMIN	22-06-10 14:37	NULL	NULL
298	911200	VKS	Xác ??nh k?t qu? H?TC		2	USD	I	D	0	0	1	1	1	0	1	1	1	1	1	1	1	NULL	NULL	NULL	NULL	NULL	NULL	NULL	NULL	0	0	0	0	ADMIN	22-06-10 14:37	NULL	NULL
299	911300	VKS	Xác ??nh k?t qu? H? Khác		2	USD	I	D	0	0	1	1	1	0	1	1	1	1	1	1	1	NULL	NULL	NULL	NULL	NULL	NULL	NULL	NULL	0	0	0	0	ADMIN	22-06-10 14:37	NULL	NULL
